-- phpMyAdmin SQL Dump
-- version 4.8.3
-- https://www.phpmyadmin.net/
--
-- Hôte : 127.0.0.1:3306
-- Généré le :  mer. 30 jan. 2019 à 01:45
-- Version du serveur :  5.7.23
-- Version de PHP :  7.2.10

SET SQL_MODE = "NO_AUTO_VALUE_ON_ZERO";
SET AUTOCOMMIT = 0;
START TRANSACTION;
SET time_zone = "+00:00";


/*!40101 SET @OLD_CHARACTER_SET_CLIENT=@@CHARACTER_SET_CLIENT */;
/*!40101 SET @OLD_CHARACTER_SET_RESULTS=@@CHARACTER_SET_RESULTS */;
/*!40101 SET @OLD_COLLATION_CONNECTION=@@COLLATION_CONNECTION */;
/*!40101 SET NAMES utf8mb4 */;

--
-- Base de données :  `eapi`
--

-- --------------------------------------------------------

--
-- Structure de la table `migrations`
--

DROP TABLE IF EXISTS `migrations`;
CREATE TABLE IF NOT EXISTS `migrations` (
  `id` int(10) UNSIGNED NOT NULL AUTO_INCREMENT,
  `migration` varchar(191) COLLATE utf8mb4_unicode_ci NOT NULL,
  `batch` int(11) NOT NULL,
  PRIMARY KEY (`id`)
) ENGINE=MyISAM AUTO_INCREMENT=5 DEFAULT CHARSET=utf8mb4 COLLATE=utf8mb4_unicode_ci;

--
-- Déchargement des données de la table `migrations`
--

INSERT INTO `migrations` (`id`, `migration`, `batch`) VALUES
(1, '2014_10_12_000000_create_users_table', 1),
(2, '2014_10_12_100000_create_password_resets_table', 1),
(3, '2019_01_29_232943_create_products_table', 1),
(4, '2019_01_29_233148_create_reviews_table', 1);

-- --------------------------------------------------------

--
-- Structure de la table `password_resets`
--

DROP TABLE IF EXISTS `password_resets`;
CREATE TABLE IF NOT EXISTS `password_resets` (
  `email` varchar(191) COLLATE utf8mb4_unicode_ci NOT NULL,
  `token` varchar(191) COLLATE utf8mb4_unicode_ci NOT NULL,
  `created_at` timestamp NULL DEFAULT NULL,
  KEY `password_resets_email_index` (`email`)
) ENGINE=MyISAM DEFAULT CHARSET=utf8mb4 COLLATE=utf8mb4_unicode_ci;

-- --------------------------------------------------------

--
-- Structure de la table `products`
--

DROP TABLE IF EXISTS `products`;
CREATE TABLE IF NOT EXISTS `products` (
  `id` int(10) UNSIGNED NOT NULL AUTO_INCREMENT,
  `name` varchar(191) COLLATE utf8mb4_unicode_ci NOT NULL,
  `detail` text COLLATE utf8mb4_unicode_ci NOT NULL,
  `price` int(11) NOT NULL,
  `stock` int(11) NOT NULL,
  `discount` int(11) NOT NULL,
  `created_at` timestamp NULL DEFAULT NULL,
  `updated_at` timestamp NULL DEFAULT NULL,
  PRIMARY KEY (`id`)
) ENGINE=MyISAM AUTO_INCREMENT=101 DEFAULT CHARSET=utf8mb4 COLLATE=utf8mb4_unicode_ci;

--
-- Déchargement des données de la table `products`
--

INSERT INTO `products` (`id`, `name`, `detail`, `price`, `stock`, `discount`, `created_at`, `updated_at`) VALUES
(1, 'cupiditate', 'Sed ratione voluptas facilis cupiditate laudantium. Est molestias eum quibusdam nesciunt.', 723, 9, 15, '2019-01-30 01:30:30', '2019-01-30 01:30:30'),
(2, 'aliquam', 'Cupiditate quam sit quasi ut iure. Magnam recusandae illum cum. Quia dicta sit accusantium et qui.', 104, 5, 10, '2019-01-30 01:30:30', '2019-01-30 01:30:30'),
(3, 'natus', 'Maxime voluptatem dolorem quibusdam nulla fugit porro exercitationem. Cumque facere rem totam veniam assumenda ut. Nihil accusamus ad distinctio aspernatur eos non. Velit necessitatibus facilis natus dolore iure sed est laboriosam.', 473, 4, 3, '2019-01-30 01:30:30', '2019-01-30 01:30:30'),
(4, 'animi', 'Quas eaque nulla velit voluptas qui consequatur. Placeat eius dolorem sapiente reiciendis eum quis similique. Ullam rerum quod voluptas quae fuga corrupti totam. Nihil dolores provident perspiciatis id consequatur architecto et.', 920, 3, 24, '2019-01-30 01:30:30', '2019-01-30 01:30:30'),
(5, 'laboriosam', 'Fugiat quibusdam dolores culpa incidunt ut. Illo et enim esse temporibus sequi. Autem nobis ut officiis. Sunt nesciunt tenetur aut similique dolores voluptas earum.', 446, 1, 29, '2019-01-30 01:30:30', '2019-01-30 01:30:30'),
(6, 'tempore', 'Dicta odit consequuntur a nihil et iste rerum. Ut ut excepturi vitae suscipit. Sunt occaecati vel culpa consequatur. Et eos eos error.', 833, 6, 21, '2019-01-30 01:30:30', '2019-01-30 01:30:30'),
(7, 'sint', 'Quo molestias voluptatem aut omnis. Nesciunt earum voluptatem ratione dolor sit enim illo iure. Odit hic qui voluptas blanditiis similique.', 377, 9, 8, '2019-01-30 01:30:30', '2019-01-30 01:30:30'),
(8, 'asperiores', 'Qui fuga laborum tempora aperiam in. Ut aut porro fugit aspernatur quis. Ipsa aut possimus dolor quidem. Deserunt vel voluptatem aut qui corporis dolore.', 737, 2, 22, '2019-01-30 01:30:30', '2019-01-30 01:30:30'),
(9, 'ut', 'Qui esse eos cumque accusantium et occaecati magnam. Et neque consequuntur saepe fugiat enim aut nostrum. Voluptatibus quis culpa quidem voluptatibus.', 444, 2, 27, '2019-01-30 01:30:30', '2019-01-30 01:30:30'),
(10, 'eos', 'Nihil tenetur ipsa cupiditate similique omnis. Aut omnis dolor eligendi eum possimus numquam et. Modi nostrum quis voluptatem velit et accusantium. Et dolore temporibus sed aliquid.', 640, 4, 22, '2019-01-30 01:30:30', '2019-01-30 01:30:30'),
(11, 'et', 'Perspiciatis aut architecto doloremque voluptate asperiores placeat. Qui dolorem incidunt explicabo quia commodi quas et. Fugit sed sint aliquam itaque velit ex aspernatur.', 820, 8, 4, '2019-01-30 01:30:30', '2019-01-30 01:30:30'),
(12, 'aut', 'Cupiditate aut nobis eum. Harum sequi id est et fugit excepturi eligendi consequatur. Aliquid ut ea non hic dolore. Voluptates tempore et quos consectetur nam saepe.', 646, 4, 18, '2019-01-30 01:30:30', '2019-01-30 01:30:30'),
(13, 'iusto', 'Aperiam laboriosam sequi at consequatur dolores ut consectetur. Quidem molestiae est quis. Et ab non officia possimus.', 126, 7, 10, '2019-01-30 01:30:30', '2019-01-30 01:30:30'),
(14, 'aut', 'Voluptas eum accusamus ratione ratione voluptatibus doloribus facilis. Eos unde perspiciatis alias qui. Modi reiciendis animi alias sed quae tempore.', 518, 8, 19, '2019-01-30 01:30:30', '2019-01-30 01:30:30'),
(15, 'unde', 'Voluptatum voluptas alias voluptatem aut molestiae in facere ea. Voluptatem nostrum neque pariatur nihil vero omnis. Libero ipsa numquam nostrum officiis odio tempore aperiam.', 130, 4, 9, '2019-01-30 01:30:30', '2019-01-30 01:30:30'),
(16, 'aut', 'Nam esse perspiciatis error et nemo. Inventore hic fugit quod voluptas ex. Aut dolor rerum id et.', 395, 9, 19, '2019-01-30 01:30:30', '2019-01-30 01:30:30'),
(17, 'ut', 'Et placeat veniam ipsam. Ex eos sunt animi repudiandae sint doloribus. Assumenda est id odio ut cum et et. Aut aspernatur ipsa dolorem nihil vel maxime.', 930, 9, 7, '2019-01-30 01:30:30', '2019-01-30 01:30:30'),
(18, 'iure', 'Cumque dolores et corrupti. Aspernatur temporibus quas error sequi ratione veniam aperiam. Autem at saepe eaque rerum quae et in molestiae.', 672, 0, 9, '2019-01-30 01:30:30', '2019-01-30 01:30:30'),
(19, 'iusto', 'Reprehenderit nesciunt laboriosam deleniti quia fugiat esse tempora. Inventore consequatur labore soluta a voluptas. Porro corporis nesciunt autem nam. Unde corporis repudiandae vel necessitatibus debitis.', 906, 5, 29, '2019-01-30 01:30:30', '2019-01-30 01:30:30'),
(20, 'quas', 'Tempora consequatur aperiam at dolores ut velit. Quae tempore recusandae rerum libero. Et provident impedit iure error maxime quaerat qui soluta. Impedit fuga voluptatem eaque quia.', 372, 3, 8, '2019-01-30 01:30:30', '2019-01-30 01:30:30'),
(21, 'aliquid', 'Fugiat qui quo nihil repellat illo amet et. Blanditiis iusto aut temporibus molestiae eius aliquam cupiditate.', 243, 5, 2, '2019-01-30 01:30:30', '2019-01-30 01:30:30'),
(22, 'eos', 'Delectus consequatur sit explicabo mollitia voluptate. Ex a ut sit in et deleniti magni. Dolore voluptas et nesciunt.', 569, 9, 17, '2019-01-30 01:30:30', '2019-01-30 01:30:30'),
(23, 'assumenda', 'Quia beatae optio modi tempora optio et. Totam tenetur pariatur corrupti ea beatae fuga. Nemo tempore aut libero quaerat dolorum est.', 157, 8, 11, '2019-01-30 01:30:30', '2019-01-30 01:30:30'),
(24, 'repellat', 'Consectetur sit facilis voluptatibus repudiandae quo ipsa. Est fugiat debitis earum ullam minus non. Aliquid et iste ab esse libero. Et praesentium aliquam earum accusantium porro.', 312, 9, 20, '2019-01-30 01:30:30', '2019-01-30 01:30:30'),
(25, 'dolorum', 'Magnam cumque iusto animi odio nulla libero. Officiis repellendus iure est autem et. Ut incidunt ea id architecto animi.', 876, 6, 25, '2019-01-30 01:30:30', '2019-01-30 01:30:30'),
(26, 'exercitationem', 'Perspiciatis eos sapiente qui nemo. Et laudantium aut quibusdam ab est velit eos. Voluptate cumque aliquam vel.', 478, 5, 15, '2019-01-30 01:30:30', '2019-01-30 01:30:30'),
(27, 'adipisci', 'Quam quas voluptas unde eos et et et cum. Molestiae sint aliquid ad consequatur porro. Voluptas non eligendi consequuntur reprehenderit qui doloremque atque. Qui sunt laboriosam ut possimus nostrum et et soluta.', 191, 9, 9, '2019-01-30 01:30:30', '2019-01-30 01:30:30'),
(28, 'explicabo', 'Consequatur recusandae illum dolorem est ut. Occaecati eum natus pariatur sit harum ut. Molestiae cupiditate eum assumenda cupiditate. Et adipisci ullam commodi modi ut.', 694, 4, 26, '2019-01-30 01:30:30', '2019-01-30 01:30:30'),
(29, 'occaecati', 'Delectus excepturi voluptas cupiditate. Excepturi dolorum similique ducimus voluptatibus velit officiis nesciunt. Ad ut aut atque quae quisquam officiis vel. Fugiat vitae doloremque voluptatem harum sed. Cum aut quibusdam veniam placeat et molestiae est.', 978, 9, 28, '2019-01-30 01:30:30', '2019-01-30 01:30:30'),
(30, 'quia', 'At facere est nihil nam pariatur ut qui. Iste iure libero quaerat. Eveniet ea similique veniam at.', 518, 5, 26, '2019-01-30 01:30:30', '2019-01-30 01:30:30'),
(31, 'excepturi', 'Soluta nulla minima quidem ab illum est unde. Quibusdam et id nihil occaecati ipsum. Sit voluptatem eum sed et excepturi. Nostrum iusto exercitationem itaque tempore neque perspiciatis aut.', 144, 4, 27, '2019-01-30 01:30:30', '2019-01-30 01:30:30'),
(32, 'illum', 'Necessitatibus est dolor assumenda dolores ut modi. Ipsa est repellendus sit architecto aut. A modi quibusdam facilis voluptatibus veritatis.', 101, 0, 7, '2019-01-30 01:30:30', '2019-01-30 01:30:30'),
(33, 'aliquid', 'Doloremque in non qui aut. Autem laborum repudiandae ducimus quidem. Sit consequatur ducimus eos recusandae ea corporis consectetur.', 304, 1, 9, '2019-01-30 01:30:30', '2019-01-30 01:30:30'),
(34, 'ipsam', 'Molestiae nesciunt mollitia enim minima sapiente voluptatibus ipsam eos. Explicabo fuga vel ea est molestias recusandae. Minima hic tempora et sunt. Iure sit eos omnis eveniet consequuntur aut.', 555, 9, 28, '2019-01-30 01:30:30', '2019-01-30 01:30:30'),
(35, 'praesentium', 'Qui voluptatem est quo explicabo qui blanditiis est sed. Ea in sequi molestiae voluptas deleniti. Cupiditate dolores consequatur explicabo. Eos ipsam enim eum corrupti alias corrupti.', 260, 5, 12, '2019-01-30 01:30:30', '2019-01-30 01:30:30'),
(36, 'vel', 'Voluptatum repellendus et omnis quas quis facilis. Rerum aut quas iste aliquam sit. Nihil accusamus sit consequatur sint ut.', 592, 9, 12, '2019-01-30 01:30:30', '2019-01-30 01:30:30'),
(37, 'laudantium', 'Culpa sit asperiores tenetur debitis dignissimos veniam accusamus. Et voluptatem est eius. Corrupti quos numquam ab voluptatibus.', 767, 9, 21, '2019-01-30 01:30:30', '2019-01-30 01:30:30'),
(38, 'dignissimos', 'Officiis aut asperiores consequuntur cumque numquam. Vel doloribus et fugit dolores. Aperiam libero fugiat tempora consectetur sapiente perferendis. Eius aliquid aperiam vitae libero. Sed omnis nulla quas delectus possimus animi.', 266, 6, 18, '2019-01-30 01:30:30', '2019-01-30 01:30:30'),
(39, 'tempora', 'Laudantium eum dicta perspiciatis asperiores. Asperiores laudantium aperiam quis rerum quidem aut dignissimos. Quisquam quasi voluptatem dicta repellendus error. Sit tenetur id ut qui ipsum autem. Molestiae itaque sint illo et voluptatem qui.', 331, 2, 10, '2019-01-30 01:30:30', '2019-01-30 01:30:30'),
(40, 'illo', 'Quisquam perferendis quia ut commodi optio. Eum iusto sint sunt minus eligendi debitis. Qui error accusantium in eveniet voluptatum aut tenetur. Voluptatem ratione est impedit cupiditate porro et.', 201, 3, 18, '2019-01-30 01:30:30', '2019-01-30 01:30:30'),
(41, 'accusantium', 'Nihil consequuntur nobis labore porro. Eaque aliquam quod omnis commodi voluptate. Porro quis aperiam ab velit cupiditate.', 379, 3, 26, '2019-01-30 01:30:30', '2019-01-30 01:30:30'),
(42, 'explicabo', 'Sint quis tempore aut porro voluptate beatae numquam. Nulla voluptatibus voluptatem amet quia rerum. Non cumque adipisci saepe. Nihil suscipit reiciendis voluptatem id.', 533, 4, 20, '2019-01-30 01:30:30', '2019-01-30 01:30:30'),
(43, 'labore', 'Nulla necessitatibus ipsa necessitatibus dicta quis a laborum quod. Eligendi facere rerum voluptates quis eveniet quos.', 835, 2, 22, '2019-01-30 01:30:30', '2019-01-30 01:30:30'),
(44, 'veritatis', 'Porro temporibus qui adipisci inventore voluptas explicabo neque. Cumque recusandae consequatur modi sit. Sunt dolorum atque at est.', 856, 0, 14, '2019-01-30 01:30:30', '2019-01-30 01:30:30'),
(45, 'ad', 'Velit reiciendis nisi aut libero voluptas. Officiis dolores est non itaque optio cupiditate quam. Maiores atque quisquam fugiat sint et reprehenderit rerum explicabo. Qui dolores est quis occaecati delectus.', 385, 2, 5, '2019-01-30 01:30:30', '2019-01-30 01:30:30'),
(46, 'quasi', 'Consequatur voluptas rerum et. Sed eaque necessitatibus soluta ipsa commodi. Aut in qui libero perspiciatis voluptates. Aut aut autem commodi tempore quibusdam est optio.', 448, 7, 27, '2019-01-30 01:30:30', '2019-01-30 01:30:30'),
(47, 'alias', 'Eligendi enim sequi ut expedita. Dicta consequuntur nisi ratione repudiandae molestiae ut harum. Qui ipsam adipisci ratione veritatis labore.', 174, 1, 7, '2019-01-30 01:30:30', '2019-01-30 01:30:30'),
(48, 'laudantium', 'Quo hic suscipit error sint. Quos in non dolores veritatis labore odit. Consequuntur aliquid qui consequatur eius omnis ut quis. Voluptas nulla perferendis sed.', 833, 8, 20, '2019-01-30 01:30:30', '2019-01-30 01:30:30'),
(49, 'itaque', 'Sapiente amet autem quibusdam molestias est consequatur. Commodi nulla qui aliquid expedita dolorem quia. Tempore explicabo dignissimos qui officia officia. Cupiditate quia consequatur sed dignissimos iste.', 949, 3, 9, '2019-01-30 01:30:30', '2019-01-30 01:30:30'),
(50, 'voluptas', 'Dolores rerum possimus sint quibusdam voluptatem repellat. Odio exercitationem facilis et dolorum voluptates et sunt ipsam. Assumenda harum voluptatem nulla odit sit velit necessitatibus. Ad quaerat et excepturi iusto velit illo.', 190, 2, 2, '2019-01-30 01:30:30', '2019-01-30 01:30:30'),
(51, 'dolor', 'Ullam aut molestiae error enim quidem esse nulla. Nostrum iusto alias veniam at placeat. Sit qui porro debitis.', 823, 2, 16, '2019-01-30 01:32:38', '2019-01-30 01:32:38'),
(52, 'qui', 'Similique enim sed reiciendis repellat totam aut et accusantium. Eaque ut ut ipsa ea.', 320, 8, 18, '2019-01-30 01:32:38', '2019-01-30 01:32:38'),
(53, 'provident', 'Deleniti vel maxime sequi consequatur. Dicta molestiae tenetur enim eaque reprehenderit quaerat.', 273, 6, 12, '2019-01-30 01:32:38', '2019-01-30 01:32:38'),
(54, 'ratione', 'Doloremque at sint adipisci consequuntur omnis quasi sit omnis. Nihil in cum error ut veritatis. Enim dolor dolor et ullam omnis provident quia. Et itaque molestias perferendis aut earum.', 522, 9, 2, '2019-01-30 01:32:38', '2019-01-30 01:32:38'),
(55, 'dolor', 'Est quod dolorum architecto odio quis. Explicabo quis harum tenetur minus dolores.', 593, 3, 19, '2019-01-30 01:32:38', '2019-01-30 01:32:38'),
(56, 'qui', 'Consequatur nihil voluptatem eius vel. Aut accusamus vel ea necessitatibus laboriosam aspernatur. Cumque suscipit et in omnis veritatis.', 214, 7, 17, '2019-01-30 01:32:38', '2019-01-30 01:32:38'),
(57, 'qui', 'Nesciunt error hic eaque ipsam alias ex praesentium cum. Illum id occaecati sint facilis. Laboriosam voluptatem porro asperiores corrupti. Quae minus ullam vel fuga vel vero.', 913, 7, 4, '2019-01-30 01:32:38', '2019-01-30 01:32:38'),
(58, 'cumque', 'Ducimus et molestias et saepe. Adipisci recusandae optio dolorum corporis hic qui numquam. Sed fugit adipisci et et. Voluptates ducimus quibusdam est delectus quidem beatae a maiores.', 122, 4, 17, '2019-01-30 01:32:38', '2019-01-30 01:32:38'),
(59, 'et', 'Aliquam ut incidunt ducimus ipsa amet totam. Recusandae aut et rem tenetur rem saepe ea.', 751, 6, 22, '2019-01-30 01:32:38', '2019-01-30 01:32:38'),
(60, 'error', 'Quo et iusto ut vero. Unde autem impedit maiores reiciendis animi nihil. Neque quae qui soluta quasi.', 394, 3, 19, '2019-01-30 01:32:38', '2019-01-30 01:32:38'),
(61, 'nam', 'Corrupti dicta qui voluptatum dolorem. Voluptatibus ut illo eveniet repudiandae eos. Voluptatem ad dolor pariatur. Beatae odit non sed. Nam tempore dolor repellat illo.', 706, 5, 25, '2019-01-30 01:32:38', '2019-01-30 01:32:38'),
(62, 'et', 'Qui facere repudiandae omnis omnis accusantium unde itaque. Et ad dolorum eum fugit nesciunt qui natus velit.', 402, 0, 3, '2019-01-30 01:32:38', '2019-01-30 01:32:38'),
(63, 'rerum', 'Nulla repudiandae modi tempora quasi. Distinctio doloribus ipsa hic porro quo temporibus ut. Voluptas earum autem minus eum voluptates. Incidunt explicabo a ut vero. In perspiciatis fugiat in ut.', 788, 7, 21, '2019-01-30 01:32:38', '2019-01-30 01:32:38'),
(64, 'eveniet', 'Odit consequatur consequatur labore ullam nobis et. Enim architecto dolor quis ducimus officia rerum dolore. Officia quasi ut sed ab neque optio. Occaecati sed quis aliquid et.', 724, 0, 20, '2019-01-30 01:32:38', '2019-01-30 01:32:38'),
(65, 'beatae', 'Sint minus consequuntur ex facere est. Mollitia porro voluptatum ea corrupti error voluptatibus esse. Totam vero praesentium autem illum molestiae optio.', 829, 0, 17, '2019-01-30 01:32:38', '2019-01-30 01:32:38'),
(66, 'quaerat', 'Sunt quidem veritatis repellat aut. Ducimus iusto nam sit ut ipsa similique. Amet sunt eos aspernatur porro atque ut. Veniam sint omnis nostrum blanditiis consequatur aut.', 395, 2, 16, '2019-01-30 01:32:38', '2019-01-30 01:32:38'),
(67, 'ad', 'Molestiae praesentium at magni ab molestias non. Iusto aut autem quidem debitis illum velit. Corporis qui nostrum accusantium quod rerum ea id. Pariatur quibusdam ut quo nobis nostrum voluptas.', 902, 3, 30, '2019-01-30 01:32:38', '2019-01-30 01:32:38'),
(68, 'et', 'Eum possimus animi deleniti. Illum doloremque sunt sed doloremque et magni autem quo. Consectetur vel nihil qui in.', 249, 9, 8, '2019-01-30 01:32:38', '2019-01-30 01:32:38'),
(69, 'rem', 'Omnis est enim qui. Nisi sit quam voluptatem expedita iure sequi. Modi ipsam qui non sed architecto repellendus distinctio. Iste non consequatur tempore cum eius molestiae.', 972, 7, 27, '2019-01-30 01:32:38', '2019-01-30 01:32:38'),
(70, 'odit', 'Expedita non sit soluta qui. Ex voluptatibus autem ut voluptates quas. Natus praesentium veritatis illo ipsam officia modi. Et rerum et et perspiciatis est.', 932, 7, 26, '2019-01-30 01:32:38', '2019-01-30 01:32:38'),
(71, 'adipisci', 'Consequatur sed rerum necessitatibus voluptatum impedit non non. Saepe non eveniet quo. Reprehenderit et aliquid adipisci debitis et provident.', 707, 8, 8, '2019-01-30 01:32:38', '2019-01-30 01:32:38'),
(72, 'omnis', 'Quaerat blanditiis voluptatem vel nulla voluptas. Nulla numquam nostrum libero laudantium distinctio. Ducimus aut quos at qui culpa culpa. Voluptatibus laboriosam itaque tenetur quia sit qui. Placeat dolorem non possimus repellat nihil culpa ut mollitia.', 925, 5, 19, '2019-01-30 01:32:38', '2019-01-30 01:32:38'),
(73, 'quae', 'Eos eos cumque iusto exercitationem. Est unde molestias eveniet optio ab.', 377, 5, 10, '2019-01-30 01:32:38', '2019-01-30 01:32:38'),
(74, 'delectus', 'Tempore in eum officiis. Quo odio sint corporis molestiae vel sunt reprehenderit. Est et culpa laboriosam officiis totam.', 644, 7, 23, '2019-01-30 01:32:38', '2019-01-30 01:32:38'),
(75, 'non', 'Sed deserunt consequatur sed ut est. Expedita dolor et eaque. Odit quas quia occaecati saepe ex architecto explicabo nihil. Eos libero odio quaerat.', 449, 8, 28, '2019-01-30 01:32:38', '2019-01-30 01:32:38'),
(76, 'unde', 'Nam hic est et et. Cum voluptas dolorem sit repellendus porro. Aut dolore adipisci ab sit error amet qui. Eius deserunt dolorem distinctio nisi accusantium.', 193, 9, 14, '2019-01-30 01:32:38', '2019-01-30 01:32:38'),
(77, 'nemo', 'Nihil ea quas quis minima placeat quis non. Dignissimos libero non vero sit. Accusamus dolorem corporis qui quidem quos exercitationem. Excepturi quo quisquam sunt sapiente.', 334, 9, 4, '2019-01-30 01:32:38', '2019-01-30 01:32:38'),
(78, 'distinctio', 'Architecto at iure inventore delectus non. Culpa accusantium eligendi ipsum consequatur repellat voluptatem culpa. Voluptatem est saepe recusandae ea et. Id accusantium consectetur facilis quis quae minima.', 721, 9, 22, '2019-01-30 01:32:38', '2019-01-30 01:32:38'),
(79, 'tenetur', 'Excepturi modi suscipit dolor magni. Nemo et impedit illo ex esse. Voluptatem similique natus expedita modi rem animi. Eaque quaerat corporis iusto officiis eius earum est.', 121, 5, 30, '2019-01-30 01:32:38', '2019-01-30 01:32:38'),
(80, 'rerum', 'Cumque sequi vero sint quibusdam praesentium ut. Quia inventore animi et quasi repudiandae iure voluptatum. Est fuga voluptatibus animi enim molestias qui impedit.', 452, 1, 28, '2019-01-30 01:32:38', '2019-01-30 01:32:38'),
(81, 'possimus', 'Laborum sequi vel eligendi aut reprehenderit rem aut. Reiciendis et officiis dolorem repellat vel asperiores omnis. Molestiae qui eaque sunt. Delectus qui aliquid ut aliquam eum occaecati eum.', 348, 9, 6, '2019-01-30 01:32:38', '2019-01-30 01:32:38'),
(82, 'ducimus', 'Quos autem voluptas ullam soluta non. Laborum dolorum corrupti sed. Beatae totam distinctio nostrum voluptates vel ut sapiente. Sint velit optio ab consectetur.', 343, 2, 7, '2019-01-30 01:32:38', '2019-01-30 01:32:38'),
(83, 'quod', 'Ut praesentium sed laborum alias qui repellendus repellat amet. Et ex harum soluta aut. In qui quo tenetur libero.', 328, 1, 12, '2019-01-30 01:32:38', '2019-01-30 01:32:38'),
(84, 'cumque', 'Quod laborum nisi harum quisquam illum. Quo error sed natus. Labore omnis et ipsa sed error. Ipsum et consequatur ut quaerat.', 932, 8, 2, '2019-01-30 01:32:38', '2019-01-30 01:32:38'),
(85, 'dicta', 'Ipsa dolores eaque autem placeat reprehenderit et. Vero ut maxime nesciunt et quia ut. Quae laboriosam quasi saepe aspernatur ducimus. Consequuntur eaque facere quisquam.', 136, 5, 19, '2019-01-30 01:32:38', '2019-01-30 01:32:38'),
(86, 'omnis', 'Reiciendis provident ut suscipit inventore labore cumque. Corrupti sunt ipsa consequatur vero molestiae labore. Architecto nihil numquam necessitatibus eum.', 923, 6, 9, '2019-01-30 01:32:38', '2019-01-30 01:32:38'),
(87, 'enim', 'At eligendi aperiam est itaque qui. Qui voluptate mollitia rerum labore quo qui deserunt. Est vero et voluptas a labore perspiciatis laborum repellendus. Tenetur eum itaque non illo eveniet quibusdam iure nemo.', 689, 5, 15, '2019-01-30 01:32:38', '2019-01-30 01:32:38'),
(88, 'officiis', 'Qui et qui aspernatur fugit quis. Beatae repellendus provident minus quia tempore dolorum. Qui perspiciatis praesentium qui est. Qui nisi vel reiciendis deserunt sunt minus accusamus animi.', 911, 4, 13, '2019-01-30 01:32:38', '2019-01-30 01:32:38'),
(89, 'dicta', 'Voluptatem qui incidunt eligendi accusantium rem aut nostrum dolorum. Qui ad sit a amet commodi aut. Aliquam porro dicta corporis officiis dolorem vitae alias vel. Ab sunt iure facere nihil.', 497, 0, 30, '2019-01-30 01:32:38', '2019-01-30 01:32:38'),
(90, 'qui', 'Modi vero est quaerat soluta et. Quo sunt deleniti esse aliquid. Consequatur tenetur ipsum beatae velit.', 473, 5, 14, '2019-01-30 01:32:38', '2019-01-30 01:32:38'),
(91, 'saepe', 'Incidunt dignissimos quidem quis dicta eligendi quasi omnis aut. Ad dolorum vero voluptatem consequatur excepturi ullam. Itaque minima molestiae nemo et asperiores.', 630, 8, 13, '2019-01-30 01:32:38', '2019-01-30 01:32:38'),
(92, 'et', 'Voluptas harum quasi dicta magni. Beatae sunt ipsum provident qui voluptas iusto. Minima eveniet dolor incidunt unde velit assumenda neque.', 174, 9, 23, '2019-01-30 01:32:38', '2019-01-30 01:32:38'),
(93, 'et', 'Hic unde laudantium aut est quos rem dolor. Pariatur excepturi temporibus omnis. Impedit quis aut cumque voluptatem quam quia nemo. Nobis velit voluptas dolorem soluta aliquam occaecati ex consectetur.', 365, 0, 14, '2019-01-30 01:32:38', '2019-01-30 01:32:38'),
(94, 'atque', 'Ut dolorem vel inventore dolor. Ad corporis fugit nobis facilis. Autem provident natus doloribus id sit et eius. Qui voluptas necessitatibus asperiores in et nemo enim sequi.', 325, 8, 24, '2019-01-30 01:32:38', '2019-01-30 01:32:38'),
(95, 'eveniet', 'Deserunt enim corporis sunt et beatae est sed. Omnis voluptatum aut minima doloribus dolore consequuntur quas voluptatem.', 523, 5, 16, '2019-01-30 01:32:38', '2019-01-30 01:32:38'),
(96, 'enim', 'Ipsum minus ut qui aperiam in doloribus et. Fugiat vel quas molestiae repudiandae. Fuga blanditiis iste doloribus qui iure et. Nostrum sapiente non sed laborum optio rerum.', 563, 6, 9, '2019-01-30 01:32:38', '2019-01-30 01:32:38'),
(97, 'eligendi', 'Sit explicabo quia recusandae qui. Reprehenderit non consequatur itaque. Voluptas inventore voluptatem repudiandae ut eos.', 515, 4, 2, '2019-01-30 01:32:38', '2019-01-30 01:32:38'),
(98, 'illo', 'Consectetur tempore quis odit. Tempore corrupti voluptas ut. Quis natus ut illum ex.', 645, 0, 6, '2019-01-30 01:32:38', '2019-01-30 01:32:38'),
(99, 'molestiae', 'Unde accusamus omnis est esse fuga quis temporibus. Iure eum est suscipit quod porro quidem iste suscipit. Repudiandae debitis velit eligendi sint quia fuga soluta. Harum natus velit fugiat cupiditate ipsum adipisci similique ut.', 560, 1, 6, '2019-01-30 01:32:38', '2019-01-30 01:32:38'),
(100, 'ut', 'Enim quo totam nesciunt est reprehenderit. Corrupti pariatur neque quam ut rerum beatae. Nesciunt doloremque quia dolor.', 454, 1, 18, '2019-01-30 01:32:38', '2019-01-30 01:32:38');

-- --------------------------------------------------------

--
-- Structure de la table `reviews`
--

DROP TABLE IF EXISTS `reviews`;
CREATE TABLE IF NOT EXISTS `reviews` (
  `id` int(10) UNSIGNED NOT NULL AUTO_INCREMENT,
  `product_id` int(10) UNSIGNED NOT NULL,
  `costumer` varchar(191) COLLATE utf8mb4_unicode_ci NOT NULL,
  `review` text COLLATE utf8mb4_unicode_ci NOT NULL,
  `star` int(11) NOT NULL,
  `created_at` timestamp NULL DEFAULT NULL,
  `updated_at` timestamp NULL DEFAULT NULL,
  PRIMARY KEY (`id`),
  KEY `reviews_product_id_index` (`product_id`)
) ENGINE=MyISAM AUTO_INCREMENT=401 DEFAULT CHARSET=utf8mb4 COLLATE=utf8mb4_unicode_ci;

--
-- Déchargement des données de la table `reviews`
--

INSERT INTO `reviews` (`id`, `product_id`, `costumer`, `review`, `star`, `created_at`, `updated_at`) VALUES
(1, 43, 'Leonel Bernier', 'Nostrum perspiciatis reprehenderit ea explicabo aperiam distinctio pariatur. Numquam deserunt occaecati placeat quidem a. Et sit non et in ut magnam. Suscipit eaque enim nemo aspernatur.', 4, '2019-01-30 01:32:40', '2019-01-30 01:32:40'),
(2, 17, 'Henri Huels', 'Incidunt pariatur velit voluptate sit sunt tenetur et eveniet. Minima recusandae repudiandae sequi enim eius. Suscipit ipsam ut officia id impedit. Delectus dicta sit excepturi facilis ut ut consequatur.', 4, '2019-01-30 01:32:40', '2019-01-30 01:32:40'),
(3, 86, 'Mr. Gunner Block IV', 'A sint velit eligendi quidem iste. Commodi tenetur tempora voluptatem repellendus natus saepe quas. Ducimus et earum quasi itaque voluptas perferendis modi.', 5, '2019-01-30 01:32:40', '2019-01-30 01:32:40'),
(4, 91, 'Prof. Collin Schaden', 'Exercitationem et repellendus quam vel sequi itaque. Error consectetur cum qui ut non occaecati aperiam. Voluptas ipsum dolores numquam rerum aperiam.', 4, '2019-01-30 01:32:40', '2019-01-30 01:32:40'),
(5, 44, 'Mr. Ariel Aufderhar DVM', 'Tenetur similique odio aut iste voluptatem rerum. Reprehenderit esse molestiae qui in. Omnis sit voluptatem ea itaque natus ipsam omnis.', 0, '2019-01-30 01:32:40', '2019-01-30 01:32:40'),
(6, 4, 'Shawn Berge', 'Iusto et sit voluptate ut. Itaque voluptatem consectetur saepe omnis qui eos facilis qui. Et amet voluptas non consequatur.', 3, '2019-01-30 01:32:40', '2019-01-30 01:32:40'),
(7, 21, 'Linnea Hermiston', 'Quos ratione id maiores qui illum omnis ratione. Omnis laborum aut nam ut. Ipsum temporibus tenetur nisi eum. Voluptates nostrum amet impedit non.', 2, '2019-01-30 01:32:40', '2019-01-30 01:32:40'),
(8, 18, 'Rowan Schmitt DDS', 'Recusandae esse nesciunt accusamus ut. Facere praesentium molestias voluptate voluptatem. Cumque beatae minima enim et recusandae. Accusamus dolor reiciendis quam quae voluptates qui aut.', 2, '2019-01-30 01:32:40', '2019-01-30 01:32:40'),
(9, 64, 'Lamar Stokes', 'Tempore quia debitis quod ut. Molestias sunt veritatis molestias officia pariatur est cumque. Earum hic qui autem et et tempore exercitationem. Voluptas excepturi ducimus doloribus.', 2, '2019-01-30 01:32:40', '2019-01-30 01:32:40'),
(10, 83, 'Merl Cruickshank II', 'Vel dolor enim minima occaecati eos ipsa dolorum. Ratione excepturi rerum libero labore enim. Alias aut illum quasi voluptatem. Unde dignissimos sit consequatur modi recusandae molestias.', 3, '2019-01-30 01:32:40', '2019-01-30 01:32:40'),
(11, 16, 'Birdie Balistreri', 'Officia sed unde qui voluptas dicta consequatur. Autem quo voluptatem atque voluptatum vitae. Sed dicta molestias eaque ratione et eum magnam iure. Praesentium laudantium cum aperiam enim consequatur animi culpa.', 3, '2019-01-30 01:32:40', '2019-01-30 01:32:40'),
(12, 7, 'Dr. Ivory Hartmann', 'Rerum consequuntur debitis expedita eos. Alias minima quam saepe sint nostrum vitae recusandae. Rerum id sit commodi pariatur. Quam ipsa et nemo qui dolor commodi. Cumque eligendi est sequi fugiat.', 4, '2019-01-30 01:32:40', '2019-01-30 01:32:40'),
(13, 57, 'Marcelina Gorczany', 'Et aut repellendus consectetur et sequi aut totam. Porro qui eos ut.', 4, '2019-01-30 01:32:40', '2019-01-30 01:32:40'),
(14, 12, 'Mrs. Deborah McGlynn', 'Saepe et vel iusto. Harum quia ut harum tempora provident optio. Et quae harum culpa consequatur nemo aut eligendi aliquam.', 1, '2019-01-30 01:32:40', '2019-01-30 01:32:40'),
(15, 49, 'Cecelia Kohler', 'Quia voluptatem earum quaerat laboriosam quia qui iste. Nihil odio aut voluptates rerum qui fuga atque. Aspernatur soluta et qui quia quisquam nostrum ullam. Quam nisi fugit autem animi.', 4, '2019-01-30 01:32:40', '2019-01-30 01:32:40'),
(16, 41, 'Mr. Bartholome Goodwin', 'Rerum excepturi sit est laudantium alias. Earum officiis sunt dolores quibusdam nam consectetur. Et repudiandae aut exercitationem quia consequatur.', 5, '2019-01-30 01:32:40', '2019-01-30 01:32:40'),
(17, 97, 'Leopold Balistreri PhD', 'Facere aut blanditiis sed et earum minima. Incidunt sapiente et provident necessitatibus. Officia assumenda est esse doloribus.', 2, '2019-01-30 01:32:40', '2019-01-30 01:32:40'),
(18, 48, 'Oda Wisoky', 'Eum in non sed consequuntur possimus. Aut aperiam rerum molestias odio consequatur nostrum ex. Ab autem quidem qui repellendus sit fuga excepturi. Repellat optio eos vero a quis facere et. Corporis et mollitia non vitae impedit sit.', 0, '2019-01-30 01:32:40', '2019-01-30 01:32:40'),
(19, 56, 'Justen VonRueden', 'Magni iure consequatur fuga. Quidem quia placeat debitis expedita sed dolorum corrupti. Quam placeat veritatis incidunt ipsa.', 2, '2019-01-30 01:32:40', '2019-01-30 01:32:40'),
(20, 88, 'Ernie Schoen', 'Natus adipisci blanditiis voluptatibus porro consequuntur. Facere tempora doloribus nemo enim voluptas dolores enim. Aut earum autem eius quia rerum et.', 3, '2019-01-30 01:32:40', '2019-01-30 01:32:40'),
(21, 18, 'Mr. Sheridan Donnelly', 'Modi dolor nihil enim hic odit molestiae distinctio. Quo qui voluptatem iure voluptatem doloremque molestias in nisi. Tempore magni id enim corporis error velit.', 5, '2019-01-30 01:32:40', '2019-01-30 01:32:40'),
(22, 87, 'Dr. Maritza Heaney V', 'Quo quo ipsam voluptatibus eius dolores. Repellendus et praesentium qui sint omnis distinctio et. Quaerat rerum sunt ut.', 5, '2019-01-30 01:32:40', '2019-01-30 01:32:40'),
(23, 17, 'Deborah Dickens', 'Expedita ipsam quia omnis in. Cum asperiores porro excepturi aut sed.', 4, '2019-01-30 01:32:40', '2019-01-30 01:32:40'),
(24, 8, 'Jakayla Kling', 'Sed ratione cumque cupiditate aperiam placeat dolor quod maxime. Voluptatem natus repudiandae saepe in quo natus aliquid. Id iusto illo odio et repellendus totam corporis. Amet enim eius a ea quibusdam dolor.', 2, '2019-01-30 01:32:40', '2019-01-30 01:32:40'),
(25, 26, 'Nadia Spinka', 'Neque est ipsum quod. Et ut nihil accusamus quis fugiat sunt sit. Illum laudantium et voluptates reprehenderit. Cupiditate hic ut repellendus cumque quibusdam dolores dolore dicta.', 3, '2019-01-30 01:32:40', '2019-01-30 01:32:40'),
(26, 48, 'Karli Hane', 'Vel impedit dignissimos quos totam dolorem tenetur reprehenderit. Et aliquid maiores reiciendis voluptas id repudiandae. Illo error et corrupti est.', 2, '2019-01-30 01:32:40', '2019-01-30 01:32:40'),
(27, 2, 'Burdette Bergnaum', 'Consequatur rerum architecto et minus et sed. Dolores eum natus doloribus voluptas consequuntur sed perferendis.', 2, '2019-01-30 01:32:40', '2019-01-30 01:32:40'),
(28, 24, 'Mrs. Katrine Gibson III', 'Distinctio repellat tempore perspiciatis exercitationem doloremque est ipsam. Praesentium dolor nostrum illum voluptas perspiciatis exercitationem. Facere sed a eum voluptas aliquam est nisi neque. Dolorum expedita quia quas cupiditate eum neque.', 4, '2019-01-30 01:32:40', '2019-01-30 01:32:40'),
(29, 22, 'Bud Yost PhD', 'Laudantium illum et veritatis voluptate ut. Cum expedita numquam excepturi aperiam. Consectetur iste optio omnis natus facilis corporis.', 3, '2019-01-30 01:32:40', '2019-01-30 01:32:40'),
(30, 72, 'Jairo Strosin', 'Cupiditate praesentium quasi molestiae dolorem enim et velit neque. Laboriosam voluptatem animi aut omnis qui deserunt corrupti. Nisi voluptas quis beatae rem et. Enim et illo repellendus et harum corporis dolores. Veritatis perspiciatis sed nisi libero est itaque sapiente.', 0, '2019-01-30 01:32:40', '2019-01-30 01:32:40'),
(31, 4, 'Ben Daniel DVM', 'Aut et dignissimos quia reprehenderit ab et. Quam blanditiis fugit blanditiis quidem ratione aut dolorem. Eos cum at unde. Non quae facere blanditiis quo delectus. Id aut est rerum veniam qui voluptas.', 5, '2019-01-30 01:32:40', '2019-01-30 01:32:40'),
(32, 55, 'Mrs. Octavia Parker DDS', 'Sunt rem necessitatibus odit at. Molestiae aspernatur facilis maxime dolorem quasi molestiae. Rerum blanditiis aut porro aliquam tenetur. Est facere enim sunt ratione quis dolor cumque odit. Omnis quam quisquam ut sit harum autem accusamus.', 2, '2019-01-30 01:32:40', '2019-01-30 01:32:40'),
(33, 78, 'Josianne Schmitt', 'Delectus in libero sed assumenda. Et molestiae eum voluptates facere et fugit. Et in eum aspernatur quisquam incidunt qui.', 3, '2019-01-30 01:32:40', '2019-01-30 01:32:40'),
(34, 26, 'Jerrod O\'Reilly MD', 'Dolorum quis quia nemo aut. Asperiores quis labore non. Assumenda tempora voluptatum est et aliquid.', 0, '2019-01-30 01:32:40', '2019-01-30 01:32:40'),
(35, 10, 'Prof. Clara Will', 'At dolores mollitia eveniet ea. Et voluptatem velit atque nihil ducimus dicta. Culpa et eaque corrupti id veritatis voluptas. Et id temporibus perspiciatis corporis non eius.', 2, '2019-01-30 01:32:40', '2019-01-30 01:32:40'),
(36, 21, 'Christine Ryan IV', 'Tempora impedit officia sed inventore voluptatem non. Molestiae omnis iure facilis sit ut omnis ducimus. Sunt enim neque sapiente qui. Laudantium nam tenetur enim aliquid exercitationem.', 5, '2019-01-30 01:32:40', '2019-01-30 01:32:40'),
(37, 85, 'Destin Torp', 'Incidunt perspiciatis in sint commodi qui enim perspiciatis. Iusto quos aut eum. Quia quidem voluptatibus labore voluptatem nulla. In quo pariatur tempore in reprehenderit corporis ratione repellat. Aut officiis ut et amet veritatis.', 0, '2019-01-30 01:32:40', '2019-01-30 01:32:40'),
(38, 80, 'Bobbie King', 'Consequatur nostrum magni sed reiciendis modi consequuntur adipisci. Sit non autem quos aliquid dolor quis suscipit. Et sit minus quaerat culpa et ut tempore. Quibusdam omnis sunt nulla dolorem.', 5, '2019-01-30 01:32:40', '2019-01-30 01:32:40'),
(39, 7, 'Jaydon Labadie', 'Nisi ipsa et soluta distinctio omnis sit quia nihil. Nisi aut facere odit quia veritatis. Nulla doloremque dolores culpa nihil laudantium consequatur dolores reprehenderit. Est eligendi suscipit voluptatem molestiae voluptas voluptatibus illum.', 4, '2019-01-30 01:32:40', '2019-01-30 01:32:40'),
(40, 6, 'Prof. Frances Schoen Jr.', 'Quo modi tempora beatae repudiandae et. Qui voluptas corrupti exercitationem maiores nihil. Numquam id amet error animi velit voluptatum. Veniam recusandae aspernatur cupiditate vitae rerum. Illo consequuntur porro optio repellendus aut et.', 1, '2019-01-30 01:32:40', '2019-01-30 01:32:40'),
(41, 91, 'Seamus Hessel', 'Eum ut similique eum sed repudiandae. Quaerat nesciunt sint rerum illum saepe. Vero rerum dolor ipsam hic ad a. Et voluptas et deleniti dolorem possimus delectus aut.', 1, '2019-01-30 01:32:40', '2019-01-30 01:32:40'),
(42, 46, 'Thurman Johnson', 'Qui architecto delectus eligendi doloremque id eaque aliquam. Similique impedit natus mollitia cupiditate. Ut sed veritatis harum velit cupiditate voluptas quod. Corporis quam quia reiciendis voluptatem.', 0, '2019-01-30 01:32:40', '2019-01-30 01:32:40'),
(43, 99, 'Giovanny Stiedemann', 'Reprehenderit est aliquam natus ad similique aliquid aspernatur quae. Sit rem corporis pariatur qui qui error deserunt sunt. Qui eligendi nam voluptas ad quae. Molestiae in aut quod accusantium doloribus repellat. Ea eius possimus est laudantium consectetur.', 3, '2019-01-30 01:32:40', '2019-01-30 01:32:40'),
(44, 82, 'Jayson Price', 'Quo excepturi libero repellendus voluptatem. Dolor maxime ipsam in libero ut ad nesciunt. Quo molestiae dignissimos aspernatur praesentium autem est sunt animi. Qui voluptatibus error neque placeat omnis. Atque earum nemo dignissimos dignissimos a inventore.', 1, '2019-01-30 01:32:40', '2019-01-30 01:32:40'),
(45, 41, 'Kasey Hettinger DDS', 'Cupiditate omnis animi nobis iste doloribus. Dignissimos quis quia non sunt ipsam necessitatibus. Voluptatum aliquid provident aut vero est veritatis delectus.', 3, '2019-01-30 01:32:40', '2019-01-30 01:32:40'),
(46, 34, 'Stephan McCullough', 'Nam aut eos minima et consequatur. Aut illo animi error quia quia cum est. Praesentium repudiandae omnis distinctio magnam ea. Debitis eveniet necessitatibus repudiandae voluptatibus tempora.', 2, '2019-01-30 01:32:40', '2019-01-30 01:32:40'),
(47, 85, 'Harrison Jerde', 'Voluptas vel mollitia facilis accusantium nulla. Ipsam ut dolor blanditiis dolorem mollitia odio. Doloremque dolore officia quis quaerat eaque tempore sed nisi. Animi id tempore deleniti et perferendis aliquam optio aut.', 5, '2019-01-30 01:32:40', '2019-01-30 01:32:40'),
(48, 28, 'Bartholome Effertz', 'Consequatur corrupti asperiores minima recusandae alias ea. Quidem magni reiciendis quod necessitatibus a libero. Nisi sit itaque voluptatem. Quia expedita quae aut.', 1, '2019-01-30 01:32:40', '2019-01-30 01:32:40'),
(49, 68, 'Sabina Lubowitz', 'Tempore voluptatem tenetur iste qui quo et. Necessitatibus deserunt et dolores id qui et quae quis. Est tempora numquam dolor.', 4, '2019-01-30 01:32:40', '2019-01-30 01:32:40'),
(50, 95, 'Dr. Chris Bernhard III', 'Excepturi iure et enim est quo facere voluptatem et. Sed minus perspiciatis quasi suscipit omnis esse doloribus. Quia sequi hic omnis blanditiis.', 4, '2019-01-30 01:32:40', '2019-01-30 01:32:40'),
(51, 14, 'Celestine Kshlerin', 'Aperiam deserunt commodi quae eligendi. Cumque esse quia quaerat sed voluptatum. Aut esse id perspiciatis voluptatem maxime eaque est.', 2, '2019-01-30 01:32:40', '2019-01-30 01:32:40'),
(52, 24, 'Dr. Korey Shields', 'Sint sed dolores dolore placeat recusandae. Velit beatae vel culpa quas hic et. Dolore dignissimos ratione aut et quasi.', 3, '2019-01-30 01:32:40', '2019-01-30 01:32:40'),
(53, 3, 'Aleen Rath', 'Dignissimos aut et aliquam. Voluptatem vitae explicabo molestiae adipisci.', 2, '2019-01-30 01:32:40', '2019-01-30 01:32:40'),
(54, 63, 'Calista Johnston', 'Nam error quo est quia provident voluptas. Labore deleniti accusamus minima aliquam. Omnis velit fugit maiores sit. Et et et et consequatur in. Quia recusandae voluptas omnis doloribus qui distinctio qui.', 1, '2019-01-30 01:32:40', '2019-01-30 01:32:40'),
(55, 88, 'Chelsea Sporer', 'Tenetur laborum quibusdam quisquam aut. Dolor aliquam et nostrum facilis doloremque molestias officia. Quod ea aut autem tempore distinctio soluta. Iusto id autem doloremque dolorem qui soluta sit et.', 5, '2019-01-30 01:32:40', '2019-01-30 01:32:40'),
(56, 78, 'Elyse Streich', 'Cupiditate quis rerum libero sed. Perspiciatis asperiores fugiat veritatis temporibus. Iusto non assumenda pariatur earum. Placeat ipsa aut esse eius. Ut modi reprehenderit omnis aut facere.', 1, '2019-01-30 01:32:40', '2019-01-30 01:32:40'),
(57, 76, 'Ford Gutmann MD', 'Soluta dolore qui consectetur rerum est. Ex ullam perspiciatis veniam ratione adipisci et enim.', 1, '2019-01-30 01:32:40', '2019-01-30 01:32:40'),
(58, 54, 'Prof. Maurice Kunde V', 'Quia nulla sunt ut a. Et qui perferendis voluptas iusto rerum. Sed et laudantium possimus magni commodi aut magnam totam. Voluptates aliquam architecto veniam itaque unde.', 1, '2019-01-30 01:32:40', '2019-01-30 01:32:40'),
(59, 30, 'Prof. Don Marquardt', 'Rerum impedit error aut itaque quidem iure. Magnam consectetur et laboriosam a voluptas voluptate alias animi. Est autem praesentium voluptatem velit porro. Et et et neque ipsa in.', 3, '2019-01-30 01:32:40', '2019-01-30 01:32:40'),
(60, 8, 'Prof. Adan Gusikowski V', 'Aut placeat vel voluptas et deserunt vero. Eaque quidem quos impedit quos. Et non voluptatibus dolor vero suscipit voluptatem.', 0, '2019-01-30 01:32:40', '2019-01-30 01:32:40'),
(61, 82, 'Tracy Bayer', 'Soluta sequi est distinctio praesentium repellendus quo. Quaerat incidunt incidunt possimus veritatis quia. Ipsa esse alias repudiandae neque. Ut quaerat dolorem et doloribus ea laborum quis.', 0, '2019-01-30 01:32:40', '2019-01-30 01:32:40'),
(62, 15, 'Daren Fahey', 'Consequatur ut ratione sint similique labore voluptates. Tempora animi itaque est cupiditate vitae rerum velit. Molestias consequatur rerum est. Dolores quod molestiae qui aut impedit.', 2, '2019-01-30 01:32:40', '2019-01-30 01:32:40'),
(63, 74, 'Adriana Beier', 'Nemo sint quibusdam sit hic consequatur ipsam eum. Dolor officia modi aut veniam temporibus. Quia nam animi debitis et nostrum. Non soluta molestiae consequatur facere velit.', 0, '2019-01-30 01:32:40', '2019-01-30 01:32:40'),
(64, 63, 'Cassandra Tromp', 'Molestiae dolorem eaque dolores et ipsa cum hic voluptas. Ducimus veritatis ut possimus non magni quia. Doloribus corrupti excepturi veniam.', 1, '2019-01-30 01:32:40', '2019-01-30 01:32:40'),
(65, 70, 'Mr. Will Altenwerth Jr.', 'Neque delectus ipsa quaerat. Animi reiciendis exercitationem eveniet qui. Et est libero corrupti aut enim molestiae qui. Consequatur voluptatem vitae magnam et numquam odit amet. Odio magni libero et velit dolor quos magnam pariatur.', 2, '2019-01-30 01:32:40', '2019-01-30 01:32:40'),
(66, 74, 'Prof. Nicola Langosh IV', 'Natus et modi ipsa sint. Veniam nulla deleniti voluptatem quae odit hic in exercitationem. Dolores quae commodi nobis officia doloribus. Accusamus quo consequuntur omnis illo.', 5, '2019-01-30 01:32:40', '2019-01-30 01:32:40'),
(67, 75, 'Eloise Hane', 'Atque voluptatum quidem modi non quam harum. Sed harum sed et repellendus aperiam quis reiciendis. Quia vel vitae sint mollitia unde. Voluptatem ipsa et ea dolor iste ipsum.', 5, '2019-01-30 01:32:40', '2019-01-30 01:32:40'),
(68, 53, 'Joseph Sipes', 'Molestiae corporis consequatur voluptatem iusto totam quia itaque. Harum nulla nulla sint aut. Aperiam dolorum qui expedita qui. Animi dolorem libero et ut qui voluptatem temporibus distinctio.', 1, '2019-01-30 01:32:40', '2019-01-30 01:32:40'),
(69, 51, 'Hillard Cole', 'Soluta omnis voluptatibus rerum. Perspiciatis pariatur tempora fuga odio ratione. Voluptatum at deserunt placeat et. Nulla laboriosam dolor rem rerum voluptate.', 4, '2019-01-30 01:32:40', '2019-01-30 01:32:40'),
(70, 50, 'Brenna Kertzmann III', 'Tempore error neque veniam beatae quia et aspernatur. Est quaerat a doloribus eius maiores aperiam. Eligendi repudiandae ea corrupti quae voluptas vel ea quos.', 0, '2019-01-30 01:32:40', '2019-01-30 01:32:40'),
(71, 39, 'Clara Green', 'Distinctio asperiores ea ut neque aut. Ad sit velit doloremque numquam sequi ab. Laboriosam sit pariatur ut deleniti dolorem quo.', 0, '2019-01-30 01:32:40', '2019-01-30 01:32:40'),
(72, 29, 'Fay Lowe Sr.', 'Perspiciatis accusantium quibusdam fuga dolores ut sit nemo. Et possimus et qui facere maiores. Qui exercitationem officiis commodi eaque. Est impedit culpa fuga sed. Minus numquam qui dignissimos nihil.', 0, '2019-01-30 01:32:40', '2019-01-30 01:32:40'),
(73, 27, 'Dr. Jovanny Nitzsche', 'Commodi facere necessitatibus qui sint expedita repellat. Possimus vel similique et et laudantium perspiciatis. Quae natus quas nostrum culpa voluptatibus veniam debitis.', 1, '2019-01-30 01:32:40', '2019-01-30 01:32:40'),
(74, 51, 'Dedrick Reinger', 'Dolorum mollitia fugiat quod. Molestiae error reiciendis provident ut sint molestiae quasi. Illo sint blanditiis illo sapiente doloremque quibusdam voluptatem. A necessitatibus dolor quibusdam.', 4, '2019-01-30 01:32:40', '2019-01-30 01:32:40'),
(75, 33, 'Norris Schuppe DDS', 'Repellendus in et quidem excepturi nobis. Dolorem voluptatem perferendis sit nam dignissimos. Perspiciatis est sit qui doloremque.', 4, '2019-01-30 01:32:40', '2019-01-30 01:32:40'),
(76, 88, 'Miss Karelle Hand DDS', 'Ipsa placeat animi sunt sed ut. Et ut odio esse est qui. Aspernatur dolorum laudantium cum dolor unde possimus. Necessitatibus ducimus aut labore ea ipsum deserunt.', 0, '2019-01-30 01:32:40', '2019-01-30 01:32:40'),
(77, 92, 'Kristy Bernier', 'Eaque fugiat tempore in velit sed ex. Aut commodi accusantium dolor voluptatem. Repudiandae neque incidunt consequatur omnis non voluptates dolores quia. Vel quia rerum quis voluptates.', 0, '2019-01-30 01:32:40', '2019-01-30 01:32:40'),
(78, 44, 'Easton Gulgowski', 'Omnis et aut aut ut neque qui error. Assumenda soluta eos et maxime ea neque repudiandae tempora. Enim non dolor enim sint. Amet fugit rerum totam provident.', 2, '2019-01-30 01:32:40', '2019-01-30 01:32:40'),
(79, 12, 'Kayla Reinger', 'Praesentium aspernatur at aliquam molestiae nostrum. Atque qui adipisci nisi sunt cumque exercitationem consectetur. At dicta sunt adipisci repellendus repudiandae magnam explicabo.', 4, '2019-01-30 01:32:40', '2019-01-30 01:32:40'),
(80, 22, 'Loraine Wintheiser', 'Quo sit et qui vel esse ratione non. Nam sed iure aliquid placeat dolorem tempora aut. Fugit labore atque occaecati quam qui quisquam qui. Suscipit voluptatem ut voluptas voluptatem ab ullam distinctio qui.', 4, '2019-01-30 01:32:40', '2019-01-30 01:32:40'),
(81, 33, 'Anibal Terry', 'Sapiente ad ipsa ut ipsam. Cupiditate itaque expedita sed impedit ut maiores. Hic facilis harum minus rerum quisquam. Ipsam quo expedita sed ratione enim dicta consequuntur dolores.', 0, '2019-01-30 01:32:40', '2019-01-30 01:32:40'),
(82, 34, 'Noelia Durgan', 'Consequatur aut consequuntur exercitationem recusandae et dolor. Dolor nemo rerum dolor ad sunt impedit. Non et esse corrupti sequi perspiciatis autem. Consequatur aperiam qui rerum quia dolores suscipit et.', 0, '2019-01-30 01:32:40', '2019-01-30 01:32:40'),
(83, 66, 'Gregory Little', 'Non sint modi ut autem laudantium voluptatem possimus. Odit officiis et tempora non est nemo suscipit. Aut reprehenderit possimus similique sit.', 1, '2019-01-30 01:32:40', '2019-01-30 01:32:40'),
(84, 25, 'Gladyce Aufderhar', 'Id rerum esse modi et impedit. Qui qui labore eaque sint nam. Est ut ipsam ipsa id atque quod.', 5, '2019-01-30 01:32:40', '2019-01-30 01:32:40'),
(85, 31, 'Cheyanne Little PhD', 'Reiciendis quia ut ut sed quis ut consequatur. Quis est suscipit qui. In et asperiores repellendus ea in in nulla molestias.', 0, '2019-01-30 01:32:40', '2019-01-30 01:32:40'),
(86, 21, 'Evangeline Wolff', 'Doloremque dignissimos sunt minus voluptatem ut cupiditate voluptatem. Iste nam nihil quod minus. Dolore accusamus tempore ut incidunt natus assumenda et.', 3, '2019-01-30 01:32:40', '2019-01-30 01:32:40'),
(87, 37, 'Alfonzo Ledner', 'Est voluptatem odio sunt et vel officia cumque aperiam. Dignissimos ducimus fugiat non quis adipisci. Sapiente iste tempora autem qui saepe minima. Aut vero ipsa asperiores quia.', 4, '2019-01-30 01:32:40', '2019-01-30 01:32:40'),
(88, 72, 'Samson Parker', 'Natus dolore est est itaque enim tempora nobis at. Assumenda recusandae quis vitae rerum non deserunt. Facere illum ad dolor corporis autem. Aliquam culpa excepturi nihil iste aliquid voluptatibus dolores provident.', 2, '2019-01-30 01:32:40', '2019-01-30 01:32:40'),
(89, 86, 'Dr. Eddie D\'Amore DVM', 'Ut est dolorem quia consequatur sequi. Aut magnam provident sunt rerum. Molestias molestias aliquid et sed accusantium natus. Vel debitis vel modi quo aut illo corporis.', 4, '2019-01-30 01:32:40', '2019-01-30 01:32:40'),
(90, 93, 'Mrs. Elise Hintz I', 'Est numquam enim dolor aut provident. Dolor omnis eius ab. Dolor assumenda recusandae consectetur asperiores officia.', 2, '2019-01-30 01:32:40', '2019-01-30 01:32:40'),
(91, 11, 'Alverta Hayes', 'Eveniet porro sit amet ratione vero maiores autem voluptas. Excepturi soluta laudantium dolorem facilis nulla voluptatem vel.', 5, '2019-01-30 01:32:40', '2019-01-30 01:32:40'),
(92, 58, 'Kaitlyn Bosco', 'Et hic rerum nisi omnis beatae quo omnis. Recusandae voluptas in reiciendis quisquam. Fuga eius occaecati ea error ducimus est.', 3, '2019-01-30 01:32:40', '2019-01-30 01:32:40'),
(93, 21, 'Sherwood Terry Jr.', 'Laboriosam commodi delectus repudiandae in quia. Enim sed labore tenetur ut corporis fugit officiis. Est nostrum reiciendis ab iste vel. Cupiditate vitae repellendus amet voluptatem repellat natus.', 0, '2019-01-30 01:32:40', '2019-01-30 01:32:40'),
(94, 95, 'Dr. Berenice Oberbrunner V', 'Quod odit et aliquid et sed. Explicabo dolorem voluptatibus distinctio vitae voluptatem. Aut in tenetur doloribus harum.', 2, '2019-01-30 01:32:40', '2019-01-30 01:32:40'),
(95, 7, 'Dr. Darwin Smith I', 'Repellendus occaecati iusto dignissimos unde adipisci nulla doloribus. Est est sapiente qui et et a et ut. Distinctio culpa perspiciatis porro tempora alias.', 5, '2019-01-30 01:32:40', '2019-01-30 01:32:40'),
(96, 65, 'Heather Zemlak', 'Corporis accusantium quis perspiciatis amet aut culpa officiis. Explicabo beatae explicabo repudiandae amet qui similique. Repellendus iure sit earum ipsam ea vitae et.', 2, '2019-01-30 01:32:40', '2019-01-30 01:32:40'),
(97, 83, 'Grady Hills', 'Ut voluptatem quia fuga nemo porro temporibus. Eum dolores nisi ut qui quidem aspernatur et. Autem laudantium autem qui culpa qui.', 1, '2019-01-30 01:32:40', '2019-01-30 01:32:40'),
(98, 99, 'Mrs. Rhoda Bins', 'Accusantium aliquam porro aut ad provident eligendi. Ut minus ut voluptatibus ipsum.', 4, '2019-01-30 01:32:40', '2019-01-30 01:32:40'),
(99, 91, 'Marcelina Barrows III', 'Nostrum hic reiciendis sunt deserunt totam. Fuga minima non nihil cupiditate fugit magni. Deleniti in autem ut corporis. Atque doloremque magni mollitia quidem assumenda expedita eos.', 0, '2019-01-30 01:32:40', '2019-01-30 01:32:40'),
(100, 29, 'Reagan Muller IV', 'Enim repudiandae veniam rerum nobis mollitia. Neque laboriosam omnis possimus esse perferendis omnis beatae. Error praesentium vel vero tempora.', 4, '2019-01-30 01:32:40', '2019-01-30 01:32:40'),
(101, 2, 'Ms. Ella Hoppe', 'Dolores ex deserunt similique eveniet dolorem eligendi. Nemo dolores fuga consequatur. Asperiores ab iste porro rem quo voluptates.', 2, '2019-01-30 01:32:40', '2019-01-30 01:32:40'),
(102, 22, 'Ms. Idell Leuschke MD', 'Deleniti voluptas voluptatem aut exercitationem saepe dolorem. A quasi hic maiores animi.', 1, '2019-01-30 01:32:40', '2019-01-30 01:32:40'),
(103, 66, 'Tito Gutmann MD', 'Atque dolores veritatis vitae tenetur facilis quidem. Architecto dolores minus eos laudantium corporis. Ea iste magnam omnis magni non aut voluptas.', 2, '2019-01-30 01:32:40', '2019-01-30 01:32:40'),
(104, 65, 'Prof. Brayan Hermiston IV', 'Aliquid harum nihil a. Qui quos quisquam perferendis doloribus quam adipisci. Ullam aliquid asperiores qui autem rem vero.', 1, '2019-01-30 01:32:40', '2019-01-30 01:32:40'),
(105, 66, 'Summer Konopelski V', 'Impedit sit qui repellat. Repellendus non sequi quod molestiae. Sit aut aut quod unde rem deserunt aut reprehenderit. At sed odio numquam omnis placeat.', 0, '2019-01-30 01:32:40', '2019-01-30 01:32:40'),
(106, 80, 'Brycen Leannon PhD', 'Autem consectetur iusto dolor sed voluptatem explicabo hic incidunt. Magnam accusamus hic est dolor ullam quae tempore. Magni sed exercitationem enim aut unde inventore aperiam. Iste ipsa quo ratione nesciunt debitis.', 1, '2019-01-30 01:32:40', '2019-01-30 01:32:40'),
(107, 2, 'Adell Bechtelar', 'Ut est iure ea. Est et quisquam et ad ut. Nisi odit et deleniti quia corporis inventore et.', 3, '2019-01-30 01:32:40', '2019-01-30 01:32:40'),
(108, 68, 'Dr. Matteo Rippin Jr.', 'Praesentium qui fugiat nihil voluptatem error. Reprehenderit quia amet autem est enim suscipit et cupiditate. Ut soluta sed autem et exercitationem officiis eos.', 0, '2019-01-30 01:32:40', '2019-01-30 01:32:40'),
(109, 90, 'Mallory Quitzon I', 'Labore beatae perferendis sapiente voluptatem et nobis. Odio quia neque sed ullam rerum voluptas. Illo quidem quo commodi ut.', 0, '2019-01-30 01:32:40', '2019-01-30 01:32:40'),
(110, 8, 'Prof. Gerson Cummings', 'Dolorem deserunt aperiam at quia labore error qui. Enim et accusantium incidunt. Delectus ut beatae explicabo in illum sint est praesentium. Sint expedita vel in et aut modi saepe.', 5, '2019-01-30 01:32:40', '2019-01-30 01:32:40'),
(111, 15, 'Prof. Kole Wuckert', 'Vel aut asperiores in dolorum ab. Facilis sunt est omnis officia maiores aut. Nobis culpa aut libero aliquid. Repudiandae voluptatem enim repellat quo.', 5, '2019-01-30 01:32:40', '2019-01-30 01:32:40'),
(112, 57, 'Mrs. Emmy Jacobs V', 'Eligendi repudiandae ullam esse autem. Est esse rerum temporibus rerum. Culpa maiores consequatur aut omnis cupiditate.', 5, '2019-01-30 01:32:40', '2019-01-30 01:32:40'),
(113, 20, 'Ms. Reba Durgan', 'Sunt autem illum consequuntur. Ipsam doloribus tenetur rerum deleniti aliquid sunt omnis. Facere libero maxime eum est voluptates. Aspernatur laboriosam accusamus accusantium illum cumque.', 4, '2019-01-30 01:32:40', '2019-01-30 01:32:40'),
(114, 54, 'Khalil Douglas', 'Expedita necessitatibus ut iusto nemo totam possimus. Iure est facilis velit rerum voluptatem occaecati. Deleniti cupiditate culpa assumenda rem unde.', 1, '2019-01-30 01:32:40', '2019-01-30 01:32:40'),
(115, 86, 'Kimberly Stroman', 'Illum unde qui nulla omnis architecto minima itaque consequuntur. Sit quis sit tenetur modi aut. Et aliquid voluptatem culpa voluptatibus sint aperiam fugiat. Ut adipisci laborum laboriosam dolore assumenda dolor vel.', 3, '2019-01-30 01:32:40', '2019-01-30 01:32:40'),
(116, 99, 'Catalina Hegmann', 'Dolorum dolorum qui aperiam quia non eos corporis. Blanditiis officiis quo dignissimos id molestiae placeat voluptas. Architecto voluptate magnam tenetur praesentium cumque asperiores. Recusandae quisquam voluptatem officia qui voluptas vel facere sit.', 0, '2019-01-30 01:32:40', '2019-01-30 01:32:40'),
(117, 81, 'Prof. Nasir Lehner', 'Dolores dolorum blanditiis sunt voluptatem suscipit rerum. Cupiditate perferendis vero beatae. Est fugit ducimus ut facilis dolore minus.', 5, '2019-01-30 01:32:40', '2019-01-30 01:32:40'),
(118, 4, 'Georgiana Bayer', 'Consequatur et molestiae repellendus tempora minus. Aut eum unde dicta qui praesentium. Accusantium vitae occaecati perferendis possimus voluptatum. Ipsam sed dicta corporis necessitatibus dignissimos veritatis.', 0, '2019-01-30 01:32:40', '2019-01-30 01:32:40'),
(119, 85, 'Moises Bayer', 'Quaerat illo nobis vitae incidunt omnis hic repellendus quisquam. Quia voluptate natus velit consequatur. Eos incidunt esse provident voluptatibus id ab. Architecto rem quo eaque earum officiis.', 3, '2019-01-30 01:32:40', '2019-01-30 01:32:40'),
(120, 14, 'Wellington Padberg', 'Aperiam fugit nisi iusto omnis fugiat et quos. Itaque non odit ullam nam.', 1, '2019-01-30 01:32:40', '2019-01-30 01:32:40'),
(121, 83, 'Bernadette Anderson', 'Facere sequi voluptatem odit et est non non. Doloremque hic ullam perferendis consequatur ex. Ex cumque sequi eveniet tempore qui recusandae.', 4, '2019-01-30 01:32:40', '2019-01-30 01:32:40'),
(122, 34, 'Mitchell Feeney', 'Dolor iure fugiat expedita et iusto eos nemo. Est et perspiciatis quo nulla voluptas. Dolorem explicabo suscipit porro voluptatibus sit accusamus quos qui.', 1, '2019-01-30 01:32:40', '2019-01-30 01:32:40'),
(123, 92, 'Easton Lang', 'Repellat amet rerum assumenda assumenda unde. Facere velit ut mollitia in. Accusamus quasi reprehenderit sint ullam quia consequatur.', 2, '2019-01-30 01:32:40', '2019-01-30 01:32:40'),
(124, 58, 'Kyle Wilderman', 'Sequi sit ducimus velit quis architecto et dignissimos non. Sit quisquam vitae quod officiis placeat neque molestias. Earum eos enim ut laboriosam minus atque.', 5, '2019-01-30 01:32:40', '2019-01-30 01:32:40'),
(125, 42, 'Vivianne Crooks MD', 'Provident aut esse recusandae architecto est quod. Quasi nisi eos sed at et.', 1, '2019-01-30 01:32:40', '2019-01-30 01:32:40'),
(126, 88, 'Prof. Elvera O\'Conner', 'Eius aliquam aperiam earum fugiat. Non illum aspernatur voluptate consectetur aut suscipit. Ducimus voluptas ab repellat ut dolorem aut tempore. Laudantium et veniam modi temporibus molestias hic labore.', 1, '2019-01-30 01:32:40', '2019-01-30 01:32:40'),
(127, 68, 'Prof. Clemmie Kulas DDS', 'Aliquid nulla qui iusto iure voluptates. Id dolores atque qui aut sed. Suscipit velit odit error beatae enim. Alias voluptatem quisquam aut.', 5, '2019-01-30 01:32:40', '2019-01-30 01:32:40'),
(128, 59, 'Preston Williamson', 'Quam natus velit est sint iste. Iste est velit iusto. Necessitatibus corporis dolores et laborum deleniti omnis. Illum aspernatur excepturi facilis dignissimos cum eum non quibusdam.', 3, '2019-01-30 01:32:40', '2019-01-30 01:32:40'),
(129, 86, 'Buddy Conn', 'Omnis dolor eveniet magnam ut laborum et. Quod asperiores quod enim rerum. Corrupti nam sed reprehenderit est ducimus. Maiores a voluptatum tempora voluptatem.', 2, '2019-01-30 01:32:40', '2019-01-30 01:32:40'),
(130, 9, 'Eriberto Rutherford', 'Atque ullam cumque provident qui sed molestias. Dolorem et odio ab expedita et.', 5, '2019-01-30 01:32:40', '2019-01-30 01:32:40'),
(131, 25, 'Payton Cartwright', 'Ut possimus eos sit quasi delectus ea blanditiis. Dicta asperiores voluptatem tenetur laboriosam est. Temporibus ipsum harum minus temporibus vel. Tenetur esse maxime in aut.', 0, '2019-01-30 01:32:40', '2019-01-30 01:32:40'),
(132, 96, 'Maximillia Rippin Jr.', 'Totam praesentium sunt et et. Asperiores non sed ullam. Iste et consectetur nam nostrum velit. Hic voluptatum recusandae aut consectetur a.', 3, '2019-01-30 01:32:40', '2019-01-30 01:32:40'),
(133, 43, 'Dr. Fredrick Mosciski III', 'Vel nulla similique adipisci excepturi. Minus laudantium tempore qui sit enim. Tenetur consequatur molestias id ut. Doloremque maiores et voluptatibus est tenetur id at.', 0, '2019-01-30 01:32:40', '2019-01-30 01:32:40'),
(134, 70, 'Benjamin Gislason', 'Et non consequatur sit molestias ab. Qui dolores voluptas distinctio et earum ad.', 4, '2019-01-30 01:32:40', '2019-01-30 01:32:40'),
(135, 56, 'Reva Bogisich', 'Odit facere quo pariatur temporibus provident consequatur impedit. Non illo distinctio dolor voluptatem natus et consequatur. Nisi quis dolorum dolor consequatur.', 5, '2019-01-30 01:32:40', '2019-01-30 01:32:40'),
(136, 79, 'Andrew Gulgowski', 'Id soluta tenetur quasi sed animi. Porro consequatur nisi quibusdam nobis.', 0, '2019-01-30 01:32:40', '2019-01-30 01:32:40'),
(137, 2, 'Marlee Friesen', 'Veniam a autem blanditiis perferendis voluptatem saepe placeat. Error voluptas non possimus. Laboriosam impedit voluptas mollitia eos placeat et. Perferendis rerum iusto cumque deserunt et ipsa voluptas et. Impedit harum dicta est quia amet qui.', 4, '2019-01-30 01:32:40', '2019-01-30 01:32:40'),
(138, 72, 'Miss Shea Renner MD', 'Itaque vitae excepturi harum sapiente modi ex a. Recusandae eum sequi sunt ut molestiae. Et laudantium molestiae reprehenderit. Quasi aperiam dolorum asperiores ad. Earum est et omnis culpa.', 1, '2019-01-30 01:32:40', '2019-01-30 01:32:40'),
(139, 62, 'Ms. Lenna Goyette', 'Quia ipsum cumque hic quisquam ut tempore. Ut harum veniam cumque accusantium sunt qui. Beatae error id atque dolor autem nihil. Est culpa temporibus architecto rerum est consequuntur.', 5, '2019-01-30 01:32:40', '2019-01-30 01:32:40'),
(140, 90, 'Rebeca Abbott', 'Accusamus minima qui quam delectus aliquid illum ab. Ipsa reprehenderit assumenda laudantium tempore. Voluptatem blanditiis ullam ab quis eius laudantium.', 2, '2019-01-30 01:32:40', '2019-01-30 01:32:40'),
(141, 38, 'Kristy Bradtke', 'Sit error neque ea ullam provident magnam. Sint placeat est ipsam provident dolorum. Nostrum excepturi vitae ducimus dolor aperiam. Maiores fuga consequatur dolor unde aut dolorem.', 1, '2019-01-30 01:32:40', '2019-01-30 01:32:40'),
(142, 48, 'Prof. Haskell Quigley', 'Incidunt repudiandae ducimus tempora labore consequatur nisi. Nobis cupiditate consectetur praesentium quasi quaerat deleniti ipsa. Minima hic rerum nisi.', 4, '2019-01-30 01:32:40', '2019-01-30 01:32:40'),
(143, 44, 'Dr. Cayla Gusikowski', 'Officiis et alias velit id ipsam ipsum voluptatum. Et aut at quis. Mollitia consequatur commodi ut ullam ea repellendus pariatur.', 0, '2019-01-30 01:32:40', '2019-01-30 01:32:40'),
(144, 54, 'Prof. Jaylin Champlin DDS', 'Sint ullam placeat beatae aspernatur dolor repellat qui. Aliquam est qui et. Eos officiis in qui facilis earum assumenda. Illo aperiam et et est animi eos.', 3, '2019-01-30 01:32:40', '2019-01-30 01:32:40'),
(145, 18, 'Hosea Rodriguez', 'Sint dolorem saepe ullam accusamus quaerat unde. Quia sapiente qui reprehenderit voluptates sit nesciunt ducimus eaque. Ex velit magni voluptatem libero cupiditate quisquam voluptas. Adipisci et qui reiciendis quia nihil id voluptates.', 0, '2019-01-30 01:32:40', '2019-01-30 01:32:40'),
(146, 43, 'Prof. Madyson Dibbert IV', 'Maxime possimus deserunt aut quam quis. Expedita ea iure assumenda aut saepe praesentium voluptas. Aperiam autem ducimus quibusdam officia.', 1, '2019-01-30 01:32:40', '2019-01-30 01:32:40'),
(147, 76, 'Tatum Mitchell', 'Ut quia et quis laboriosam sed. Numquam a sed et laudantium voluptas. Qui accusamus voluptatem atque tenetur beatae et minima.', 0, '2019-01-30 01:32:40', '2019-01-30 01:32:40'),
(148, 87, 'Alta Emard I', 'Aut ex natus aspernatur provident quas beatae quod. Accusantium omnis ullam eum est numquam accusantium ut ut. Id laborum eaque commodi quisquam exercitationem laboriosam quia.', 3, '2019-01-30 01:32:40', '2019-01-30 01:32:40'),
(149, 48, 'Mr. Leon Gutkowski', 'Natus et illum quidem sequi delectus possimus sunt amet. Laudantium vel quas ab et itaque. Ut cupiditate corporis vitae in qui et dicta. Dolores asperiores repellat ea.', 4, '2019-01-30 01:32:40', '2019-01-30 01:32:40'),
(150, 79, 'Dr. Jaden McKenzie V', 'Omnis voluptatum nesciunt autem autem tenetur distinctio optio. Ut aspernatur id ut nulla laborum esse dolores. Quasi iste animi odio ad aut fugiat.', 3, '2019-01-30 01:32:40', '2019-01-30 01:32:40'),
(151, 30, 'Dr. Laura Lueilwitz', 'Sit dignissimos consequatur aut perferendis perspiciatis. Aut amet culpa esse animi rerum. Voluptate nesciunt a cupiditate ratione voluptas non quisquam.', 0, '2019-01-30 01:32:40', '2019-01-30 01:32:40'),
(152, 4, 'Margarete Anderson', 'Earum quo consequatur nesciunt tempora quibusdam nemo. At est est illum voluptate. Quia enim animi deserunt vel quibusdam delectus aut.', 2, '2019-01-30 01:32:40', '2019-01-30 01:32:40'),
(153, 54, 'Mr. Monserrat West', 'Quia eaque quo placeat itaque. Sit accusantium consequatur nemo et sint modi enim. Eaque est itaque libero aut qui. Voluptatem voluptate ea odit dolores soluta vel.', 0, '2019-01-30 01:32:40', '2019-01-30 01:32:40'),
(154, 86, 'Wilford Tillman DVM', 'Earum in accusamus quia ducimus quam et. Voluptas porro reprehenderit voluptas itaque id deserunt non voluptatem. Neque molestias veniam harum nostrum ipsa.', 1, '2019-01-30 01:32:40', '2019-01-30 01:32:40'),
(155, 72, 'Ocie Nader V', 'Quia alias doloremque autem dolorum ea quae. Suscipit quod voluptas ut optio itaque optio aut. Sapiente vero quos quis odit minus eius.', 0, '2019-01-30 01:32:40', '2019-01-30 01:32:40'),
(156, 82, 'Prof. Brooklyn Erdman', 'Eligendi laborum placeat non ratione et sed totam aut. Velit ut adipisci quae dolores et. Cumque dolore quasi est minus nostrum ipsam qui. In id aut qui doloremque aliquam. Repellat explicabo nisi autem dignissimos quia.', 3, '2019-01-30 01:32:40', '2019-01-30 01:32:40'),
(157, 50, 'Sandy Wyman I', 'At voluptatem molestiae eos quia dignissimos sit et. Corrupti quia inventore porro quidem. Et aut voluptatem at illo velit eius ea.', 5, '2019-01-30 01:32:40', '2019-01-30 01:32:40'),
(158, 57, 'Amelie Cassin', 'Voluptas non eligendi amet maxime voluptatem qui est. Et vel quo et. Ut fugit hic id consectetur rerum sit.', 2, '2019-01-30 01:32:40', '2019-01-30 01:32:40'),
(159, 20, 'Mr. Ralph Bogan IV', 'Est maiores aliquam sunt nisi necessitatibus. Aliquid est qui qui. Laudantium temporibus voluptatem voluptate.', 0, '2019-01-30 01:32:40', '2019-01-30 01:32:40'),
(160, 80, 'Randall Lakin', 'Aut excepturi nihil deleniti aut cupiditate dolorem odio. Consequatur officia vitae animi omnis similique. Dicta laborum dolore repellat assumenda numquam. Maiores quo eius enim.', 0, '2019-01-30 01:32:40', '2019-01-30 01:32:40'),
(161, 61, 'Mr. Blair Waelchi', 'Voluptatem est porro omnis possimus fuga ut. Provident doloremque architecto id sunt sequi. Qui aliquam corporis et ut quia voluptate. Optio dolores quisquam ipsa nihil autem. Et explicabo magni ut blanditiis recusandae reprehenderit.', 4, '2019-01-30 01:32:40', '2019-01-30 01:32:40'),
(162, 52, 'Daren Davis', 'Magnam et quisquam perspiciatis consequatur magnam. Labore ut provident ipsam rerum. Incidunt repudiandae maiores necessitatibus quia iste. Adipisci eos at sapiente.', 2, '2019-01-30 01:32:40', '2019-01-30 01:32:40'),
(163, 80, 'Prof. Tobin Lynch', 'Error quisquam eligendi necessitatibus adipisci aspernatur tenetur fugit exercitationem. Placeat molestiae accusantium itaque reprehenderit qui voluptates. Sunt non repellat eos ipsa. Dolor ut et atque et rerum nisi ut.', 2, '2019-01-30 01:32:40', '2019-01-30 01:32:40'),
(164, 53, 'Juliet Abernathy III', 'Nisi et et sit et repellat perspiciatis. Reiciendis non dolore sed dolor. Dolor quidem quaerat autem aut pariatur quaerat deleniti deleniti. Qui sit sit nihil ut sint rem aliquam provident.', 3, '2019-01-30 01:32:40', '2019-01-30 01:32:40'),
(165, 24, 'Stacy Schamberger', 'Omnis modi expedita aliquid voluptatem perspiciatis quas natus. Eum aliquam dicta facere quia est. Est aut voluptas dolores sit unde ab quisquam.', 0, '2019-01-30 01:32:40', '2019-01-30 01:32:40'),
(166, 83, 'Hailee Johns', 'Cumque voluptas saepe sequi perspiciatis dicta commodi ut. Voluptates voluptatem temporibus accusamus consequatur et molestiae suscipit. Iusto placeat in nesciunt sapiente officia perferendis quo tempora.', 3, '2019-01-30 01:32:40', '2019-01-30 01:32:40'),
(167, 88, 'Mrs. Charity Crist DVM', 'Vero beatae qui at aperiam quis. Neque laboriosam molestiae necessitatibus dicta eos dolorum libero. Sunt quia hic fugiat. Consectetur tempore rem error voluptatem. Voluptatibus qui rerum aperiam sint et cum rerum est.', 0, '2019-01-30 01:32:40', '2019-01-30 01:32:40'),
(168, 82, 'Dr. Ciara Bechtelar', 'Quisquam quae praesentium eos explicabo blanditiis officiis doloribus rerum. Ea ea molestiae et optio fugiat totam tempora est. Quo reprehenderit qui eligendi earum totam. Iste soluta et illo ut et aut possimus.', 1, '2019-01-30 01:32:40', '2019-01-30 01:32:40'),
(169, 97, 'Berta Nicolas', 'Impedit natus consequatur in laudantium fugit. Vitae nihil explicabo praesentium eos praesentium. Cumque ut repudiandae totam dolores porro dolores quia.', 4, '2019-01-30 01:32:40', '2019-01-30 01:32:40'),
(170, 21, 'Dr. Rhett Terry', 'Iste non libero eveniet eius aut dolor. Quia fugit cum placeat molestiae et laborum sit. Et voluptate consectetur cum qui. Iste atque qui consequuntur voluptate quidem mollitia eligendi.', 4, '2019-01-30 01:32:40', '2019-01-30 01:32:40'),
(171, 74, 'Prof. Daryl Langworth', 'Autem dolores id illo asperiores cupiditate. Illo ipsa est omnis nam quae. Saepe nobis nesciunt aliquid dolores nihil.', 3, '2019-01-30 01:32:40', '2019-01-30 01:32:40'),
(172, 5, 'Dr. Theo Bernhard', 'Vitae est eaque corrupti non. Quas et sequi eaque sed earum. Id quo consequatur molestiae at. Aut maxime ut laboriosam enim. Autem repellat incidunt non quia repellat accusantium aliquam.', 0, '2019-01-30 01:32:40', '2019-01-30 01:32:40'),
(173, 16, 'Ms. Cara Lehner', 'Adipisci enim cupiditate earum et quia eos veritatis. Iste est animi blanditiis. Officiis praesentium dolorem perferendis sit. Est nihil cum ipsam amet eaque aliquam.', 1, '2019-01-30 01:32:40', '2019-01-30 01:32:40'),
(174, 59, 'Dr. Arjun Beatty I', 'Id placeat libero aliquid eos hic consequatur. Similique cum earum illo incidunt rerum numquam consequuntur. In laboriosam eos nam omnis et nihil sunt. Aspernatur veritatis ipsam aliquid sit aliquam occaecati.', 5, '2019-01-30 01:32:40', '2019-01-30 01:32:40'),
(175, 49, 'Jason Berge', 'Sed consequatur porro odit necessitatibus praesentium quis. Modi vel natus doloremque autem nisi nihil. Eum voluptas dolores nam tempore amet quo vel veniam.', 0, '2019-01-30 01:32:40', '2019-01-30 01:32:40'),
(176, 55, 'Dr. Elvis Rohan', 'Repudiandae est corrupti neque ipsa dolorem temporibus. Blanditiis sequi ut cupiditate asperiores eum et qui. Voluptatem illo quia est excepturi est.', 2, '2019-01-30 01:32:40', '2019-01-30 01:32:40'),
(177, 49, 'Kelley Douglas DVM', 'Reprehenderit eligendi aut sed qui voluptas aspernatur qui. Qui ea qui dicta quaerat quisquam dolor sunt. Illo laudantium nihil recusandae error.', 3, '2019-01-30 01:32:40', '2019-01-30 01:32:40'),
(178, 97, 'Karelle Parisian', 'Soluta numquam dolorem et esse quaerat. Laborum quidem voluptatem deleniti odio. Exercitationem nostrum quo dolores quo eos rem. Accusantium dignissimos beatae nam alias eos minus.', 2, '2019-01-30 01:32:40', '2019-01-30 01:32:40'),
(179, 22, 'Dr. Elvera Barton DVM', 'Dolorem et exercitationem eos inventore molestiae magni. Facilis nostrum tempore dolores hic quia modi adipisci. Ut et qui dolorem voluptates perferendis et itaque. Aut et qui qui recusandae saepe sunt fuga.', 2, '2019-01-30 01:32:40', '2019-01-30 01:32:40'),
(180, 78, 'Yesenia Parisian I', 'Dicta ipsa aut eaque enim est facere. Architecto possimus qui voluptas sunt. Dolorum est sit ut corrupti ut labore et commodi.', 4, '2019-01-30 01:32:40', '2019-01-30 01:32:40'),
(181, 8, 'Brandy McKenzie', 'Alias voluptatibus aut laboriosam cumque aperiam rerum. Sunt eos voluptate et officia et. Quod eum aut excepturi pariatur dolore.', 5, '2019-01-30 01:32:40', '2019-01-30 01:32:40'),
(182, 3, 'Idella Ondricka', 'Suscipit aut voluptatem odio quis suscipit dolor. Et quia laborum id et voluptatem minima. Magnam exercitationem provident sequi aut consectetur aspernatur.', 3, '2019-01-30 01:32:40', '2019-01-30 01:32:40'),
(183, 69, 'Dr. Donato Little', 'Sunt totam est labore consequuntur hic. Voluptas accusamus sit et ullam. Delectus corrupti reprehenderit aut aspernatur. Aspernatur alias blanditiis cupiditate illo quia ad. Ad sint exercitationem cum dolore et assumenda doloremque libero.', 1, '2019-01-30 01:32:40', '2019-01-30 01:32:40'),
(184, 46, 'Ms. Loraine Hayes', 'Architecto ut deleniti dolor non illo quod et perferendis. Sit quaerat quibusdam ipsam est consequatur. Officia voluptatibus odio excepturi accusantium omnis. Ex deserunt est porro quo omnis voluptas quis.', 5, '2019-01-30 01:32:40', '2019-01-30 01:32:40'),
(185, 32, 'Laron Quigley', 'Et dolorem sed accusamus tempora. Fugiat est praesentium nemo aut. Quibusdam saepe dicta consectetur accusamus pariatur eum.', 0, '2019-01-30 01:32:40', '2019-01-30 01:32:40'),
(186, 11, 'Mr. Abel Purdy', 'Nihil quae magni alias dolor. Nobis alias adipisci voluptas occaecati perspiciatis quidem. Quae harum perferendis eligendi ipsa. Ab ut dicta fugiat ut rerum laborum architecto.', 2, '2019-01-30 01:32:40', '2019-01-30 01:32:40'),
(187, 64, 'Ms. Stacy Rath', 'Quo velit cum totam omnis. Magnam aspernatur vel odio aut. At impedit fuga eum omnis perspiciatis. Voluptate sunt architecto accusamus ut rerum quos.', 3, '2019-01-30 01:32:40', '2019-01-30 01:32:40'),
(188, 74, 'Dr. Lillie Morissette III', 'Voluptatem non quia quaerat blanditiis laudantium praesentium eum veniam. Id eum accusantium illo omnis. Qui sit maxime qui ad dolore voluptas. Est aut qui sit placeat accusantium. Enim aut quo minus a perspiciatis unde.', 2, '2019-01-30 01:32:40', '2019-01-30 01:32:40'),
(189, 37, 'Prof. Arvid Weissnat II', 'Sunt labore quod corporis enim sint. Odio cumque fuga consequatur earum. Laudantium consequuntur omnis et natus quibusdam aut excepturi temporibus.', 5, '2019-01-30 01:32:40', '2019-01-30 01:32:40'),
(190, 61, 'Miss Virginia Robel PhD', 'Non sint possimus mollitia asperiores. Sit nostrum aliquam esse. In et reprehenderit voluptatibus rem. Animi sapiente qui ducimus consequatur.', 2, '2019-01-30 01:32:40', '2019-01-30 01:32:40'),
(191, 87, 'Mrs. Dejah Grady MD', 'Velit explicabo dolorum vero. Nihil ipsa ducimus cumque aut earum labore. Hic ut quos non in voluptatem sequi quibusdam fugit. Et laboriosam sint corrupti qui et et.', 3, '2019-01-30 01:32:40', '2019-01-30 01:32:40'),
(192, 97, 'Joshuah Jacobs Sr.', 'Sed odit asperiores vel molestiae occaecati aut. Quis eius qui nam est ad velit. Perferendis est voluptatem optio atque. Recusandae aut iure et sequi aut minima tempora.', 2, '2019-01-30 01:32:40', '2019-01-30 01:32:40'),
(193, 87, 'Lisa Strosin', 'Laudantium ut doloribus qui quo tenetur. Perferendis eum fugiat vitae provident qui laudantium repudiandae. Sapiente et eius fugit qui laborum.', 0, '2019-01-30 01:32:40', '2019-01-30 01:32:40'),
(194, 39, 'Keyshawn Nitzsche', 'Incidunt est unde praesentium voluptas. Eius voluptatum ex recusandae veniam tenetur voluptatem. Ratione aliquam quis perspiciatis ad ab quidem voluptate. Dolores quaerat pariatur sit atque aperiam reprehenderit harum.', 5, '2019-01-30 01:32:40', '2019-01-30 01:32:40'),
(195, 81, 'Johathan Glover', 'Dolorem in et occaecati dolores omnis qui nam. Reiciendis distinctio ullam sunt quia aut quaerat et. Sequi quam dolores a dignissimos sint delectus. Non fugit repellendus suscipit consectetur.', 3, '2019-01-30 01:32:40', '2019-01-30 01:32:40'),
(196, 89, 'Alexandrine Kris IV', 'Aut sit autem accusamus vel voluptate dolor. At pariatur aliquid tempore qui consequatur sequi aliquid qui. Quaerat voluptate laborum libero perferendis deleniti quas. Quia accusamus perspiciatis deleniti. Consectetur quia maiores quia tenetur nemo consequatur vel.', 1, '2019-01-30 01:32:40', '2019-01-30 01:32:40'),
(197, 80, 'Raegan Lakin', 'Sint aut inventore sunt reprehenderit voluptas vel et cum. Sit tempora magnam inventore non nostrum optio. Recusandae sed et delectus molestiae eius. Quidem harum amet eius earum adipisci.', 0, '2019-01-30 01:32:40', '2019-01-30 01:32:40'),
(198, 76, 'Branson Witting', 'Ratione autem dolor et et eum veniam porro. Labore fugit eveniet dolor animi nulla eligendi. Corrupti itaque nesciunt consequatur dignissimos dolores. Cum reiciendis corporis iusto aliquid qui. Est quo non soluta ab tenetur.', 1, '2019-01-30 01:32:40', '2019-01-30 01:32:40'),
(199, 16, 'Hailie Wyman DVM', 'Reiciendis similique molestiae iste rerum. Exercitationem architecto enim cumque a ipsam. Aperiam laboriosam voluptatem sed officiis nihil dolore et vel.', 1, '2019-01-30 01:32:40', '2019-01-30 01:32:40'),
(200, 2, 'Virgie Bernhard', 'Natus dolore eum dolorum at. Sequi qui ut et libero et qui rem. Laborum qui magnam quia et explicabo rerum et aut. Alias dolorem quasi odio provident totam incidunt.', 2, '2019-01-30 01:32:40', '2019-01-30 01:32:40'),
(201, 26, 'Dr. Geo Keebler Sr.', 'Commodi possimus in dicta vel. Qui est illo a quia vel consectetur eum. Modi excepturi aut est. Perspiciatis fugit qui aspernatur vero libero rerum.', 4, '2019-01-30 01:32:40', '2019-01-30 01:32:40');
INSERT INTO `reviews` (`id`, `product_id`, `costumer`, `review`, `star`, `created_at`, `updated_at`) VALUES
(202, 100, 'Aisha O\'Kon', 'Alias nemo doloribus quidem fuga aspernatur. Ex rerum id non libero recusandae ea et. Vel enim enim occaecati. Commodi numquam magnam sit sit.', 5, '2019-01-30 01:32:40', '2019-01-30 01:32:40'),
(203, 84, 'Rozella Gerhold', 'Quas aliquid iste a. Qui blanditiis odio nostrum. Rerum natus fugit repudiandae et dolore.', 4, '2019-01-30 01:32:40', '2019-01-30 01:32:40'),
(204, 19, 'Chesley Orn', 'Sed voluptatem ut dolorem eius. Cum ut inventore repellat ipsum.', 0, '2019-01-30 01:32:40', '2019-01-30 01:32:40'),
(205, 78, 'Mr. Xander Mann I', 'Necessitatibus earum aut velit. Molestias dignissimos mollitia qui necessitatibus. Neque eius voluptatem facere quibusdam omnis magnam provident.', 5, '2019-01-30 01:32:40', '2019-01-30 01:32:40'),
(206, 65, 'Dr. Shawna Altenwerth MD', 'Earum corrupti omnis doloribus dicta. Debitis blanditiis sit eos est totam voluptatem. Ut quam earum aut possimus.', 4, '2019-01-30 01:32:40', '2019-01-30 01:32:40'),
(207, 58, 'Gisselle Miller', 'Est nihil aperiam est nesciunt. Non id inventore consequuntur qui amet rerum omnis ipsa. Sapiente blanditiis ab rerum aliquam voluptas necessitatibus.', 3, '2019-01-30 01:32:40', '2019-01-30 01:32:40'),
(208, 15, 'Mr. Elroy West', 'Et mollitia nihil a sit molestias provident facere atque. Enim corrupti non dolores debitis excepturi non placeat. Et aut non fugiat laudantium impedit est autem officiis. Magnam saepe quia a dolores magnam consequatur.', 2, '2019-01-30 01:32:40', '2019-01-30 01:32:40'),
(209, 16, 'Tony Raynor V', 'Quibusdam aspernatur enim incidunt voluptatem et. Ut nam accusamus assumenda laboriosam temporibus vel. Porro dolores cupiditate dolor soluta omnis facilis quia.', 2, '2019-01-30 01:32:40', '2019-01-30 01:32:40'),
(210, 36, 'Ms. Madisyn Quitzon', 'Sed illo laborum ut aut omnis doloremque fuga. Qui error non optio. Velit facere nihil non eum.', 0, '2019-01-30 01:32:40', '2019-01-30 01:32:40'),
(211, 8, 'Freeman Sipes', 'Sunt ea omnis rerum ut est et veniam. Hic ipsum pariatur molestiae ut incidunt quis error.', 4, '2019-01-30 01:32:40', '2019-01-30 01:32:40'),
(212, 80, 'Janiya O\'Keefe', 'Accusamus sapiente voluptatem et amet reprehenderit. Nostrum in eligendi vero et a sunt animi. Minima ab veritatis voluptatem est eligendi fugit molestiae.', 5, '2019-01-30 01:32:40', '2019-01-30 01:32:40'),
(213, 16, 'Austin Deckow', 'Vel et omnis vero ut tenetur praesentium. Consequatur reprehenderit quia voluptatem sint et saepe. Inventore fugiat culpa ipsam modi eos magni.', 2, '2019-01-30 01:32:40', '2019-01-30 01:32:40'),
(214, 33, 'Annalise Osinski IV', 'Voluptatem earum ab laboriosam dolorum in. Debitis amet sunt consequatur mollitia et. Enim ut dicta in minima.', 0, '2019-01-30 01:32:40', '2019-01-30 01:32:40'),
(215, 20, 'Pinkie Paucek Sr.', 'Saepe quas quia voluptatum tempore molestiae. Officia est non molestias rerum delectus et. Consequuntur quo commodi voluptate commodi odio dolor non. Adipisci assumenda possimus cumque amet velit quod non.', 1, '2019-01-30 01:32:40', '2019-01-30 01:32:40'),
(216, 65, 'Miss Asa Predovic I', 'Sit vitae et nisi excepturi sed ut aut sunt. Est quas autem ducimus accusantium. Rerum qui quibusdam accusantium sapiente possimus et.', 3, '2019-01-30 01:32:40', '2019-01-30 01:32:40'),
(217, 87, 'Crawford Welch', 'Incidunt enim vel exercitationem nihil. Iusto quis voluptatem ex accusamus vitae quas saepe. Et voluptatem eum ducimus. Ea et rerum ea sed ut doloremque aliquid sed.', 5, '2019-01-30 01:32:40', '2019-01-30 01:32:40'),
(218, 98, 'Aurelia Murazik', 'Reprehenderit temporibus non magni facere. Est in reiciendis dolores aliquid mollitia ut molestiae. Animi molestiae perspiciatis id nemo quo rem esse cumque. Sit consequuntur unde sed hic.', 2, '2019-01-30 01:32:40', '2019-01-30 01:32:40'),
(219, 7, 'Prof. Americo Hoeger', 'Quisquam non quis debitis eum quis et placeat. Provident blanditiis blanditiis voluptate. Voluptate totam quos voluptas aut in ducimus. In consequuntur ea eos natus aut.', 4, '2019-01-30 01:32:40', '2019-01-30 01:32:40'),
(220, 49, 'Jennyfer Pfannerstill', 'Aliquam asperiores quia inventore temporibus exercitationem id nihil praesentium. Eaque deserunt et in et consequatur minus.', 5, '2019-01-30 01:32:40', '2019-01-30 01:32:40'),
(221, 23, 'Joyce Abernathy', 'In perferendis et velit neque itaque dolorem cum. Inventore quia ut deserunt nemo. Placeat dolor quos voluptas velit. Quo aperiam ratione omnis dolorem eum qui voluptatibus et.', 2, '2019-01-30 01:32:40', '2019-01-30 01:32:40'),
(222, 74, 'Rachelle Raynor', 'Ut facilis accusantium facilis aut et similique consequatur. Saepe error quae soluta est accusantium sint corrupti. Magnam eligendi ea voluptatibus placeat. Et velit veniam et doloremque et voluptatem.', 5, '2019-01-30 01:32:40', '2019-01-30 01:32:40'),
(223, 19, 'Helena Abernathy', 'Porro impedit quod ratione magni. Laboriosam exercitationem earum eum porro.', 2, '2019-01-30 01:32:40', '2019-01-30 01:32:40'),
(224, 21, 'Anya Ledner', 'Necessitatibus temporibus veniam est ut. Rem sit officia illum aliquam est quibusdam vel.', 3, '2019-01-30 01:32:40', '2019-01-30 01:32:40'),
(225, 66, 'Barbara Ryan DVM', 'Illo ipsa sint inventore cum maxime. Reiciendis voluptas sunt quisquam sit vel soluta id saepe. Qui qui enim ratione nemo quibusdam expedita dolor quo. Quo est consequatur nemo officiis praesentium eaque id.', 0, '2019-01-30 01:32:40', '2019-01-30 01:32:40'),
(226, 96, 'Vita Haag PhD', 'Molestiae explicabo aut dolores laboriosam. Nemo delectus amet sit. Et itaque eius exercitationem et. Et nulla ad quas. Voluptate qui perferendis aut blanditiis.', 4, '2019-01-30 01:32:40', '2019-01-30 01:32:40'),
(227, 69, 'Antonette Hoppe', 'Architecto ut est sapiente cumque nemo quibusdam cum. Impedit beatae nihil dolor est placeat nihil veniam. Voluptatum mollitia iure voluptate qui cum in. Quis et aliquid omnis impedit.', 1, '2019-01-30 01:32:40', '2019-01-30 01:32:40'),
(228, 6, 'Golda Beier', 'Eaque assumenda aut consectetur dolores. Cupiditate eos quia ut et quia aliquid aliquam. Dicta atque veniam sint veniam exercitationem aut sit. Dolor velit dolore sequi ipsam. Odio consequatur reprehenderit pariatur dolor quod rerum odio totam.', 4, '2019-01-30 01:32:40', '2019-01-30 01:32:40'),
(229, 10, 'Nicole Jakubowski', 'Molestiae sint iure nostrum perspiciatis rem sit. Aut eos voluptatem tenetur repudiandae nemo enim. Aperiam adipisci et quasi et quasi est nobis et.', 2, '2019-01-30 01:32:40', '2019-01-30 01:32:40'),
(230, 18, 'Aric Schamberger DVM', 'At ut rerum nihil. Sequi atque et blanditiis illum qui aspernatur sed. Et repellat voluptatem rem omnis architecto. In ullam sed ipsum est. Totam explicabo porro quo doloremque nobis.', 2, '2019-01-30 01:32:40', '2019-01-30 01:32:40'),
(231, 56, 'Ulices Marvin', 'Maxime dignissimos in aut debitis ad perspiciatis magnam amet. Non eos tempora cum est iure sapiente dolores. Adipisci similique labore quia qui unde.', 5, '2019-01-30 01:32:40', '2019-01-30 01:32:40'),
(232, 5, 'Lorenzo Altenwerth Sr.', 'Neque natus consequatur consequatur eveniet. Assumenda ipsam eaque tempore inventore praesentium. Dolores voluptas cum explicabo eius exercitationem dolore. Sunt veniam praesentium natus eaque.', 4, '2019-01-30 01:32:40', '2019-01-30 01:32:40'),
(233, 59, 'Destany Gislason', 'Inventore omnis animi ab saepe voluptatibus quis. Est dolores labore quidem. Sit adipisci eius quas autem. Consequatur dolorum voluptatem voluptas.', 3, '2019-01-30 01:32:40', '2019-01-30 01:32:40'),
(234, 96, 'Mrs. Alysa Kihn', 'Fugiat sint ex consectetur adipisci dolorem tenetur. Reprehenderit dolor quae enim deserunt. Velit nihil tempora quos magni.', 4, '2019-01-30 01:32:40', '2019-01-30 01:32:40'),
(235, 27, 'Madaline Douglas', 'Recusandae doloribus dolor necessitatibus quis. Ut suscipit odit quas ullam et rerum. Asperiores impedit distinctio sed numquam ut ut.', 5, '2019-01-30 01:32:40', '2019-01-30 01:32:40'),
(236, 23, 'Miss Letha Connelly', 'Aut repellat sit voluptatem. Dignissimos dolorum reprehenderit non et ut. Ut libero debitis et dolorem fugit. Libero voluptas quae distinctio qui quia non.', 5, '2019-01-30 01:32:40', '2019-01-30 01:32:40'),
(237, 75, 'Aliya Harvey', 'Quibusdam iste aut aut est temporibus. Quam voluptatum corrupti non. Dolorum ut sint reprehenderit.', 1, '2019-01-30 01:32:40', '2019-01-30 01:32:40'),
(238, 83, 'Prof. Avery Buckridge DDS', 'Perferendis corporis laboriosam eligendi consectetur. Pariatur libero commodi quas. Est nihil sapiente voluptate tenetur. Rerum minus fugit molestiae velit voluptatem. Molestias asperiores sint aut hic.', 5, '2019-01-30 01:32:40', '2019-01-30 01:32:40'),
(239, 12, 'Albert Ziemann', 'Eum qui qui totam quidem. Quia et commodi similique repellat suscipit culpa autem. Autem quia minima ea optio ratione quos ullam. Ipsum sint nisi velit quo pariatur.', 0, '2019-01-30 01:32:40', '2019-01-30 01:32:40'),
(240, 83, 'Rhianna Steuber', 'Culpa eum deleniti non et. Cum voluptatem est facilis. Optio repellendus ut architecto eum fuga et animi. Accusamus et saepe aut nobis ipsam fugit labore. Omnis tenetur sed omnis minima qui.', 0, '2019-01-30 01:32:40', '2019-01-30 01:32:40'),
(241, 32, 'Timothy Purdy DDS', 'Sed similique facilis illo vel vel. Ipsa quas facilis ut aliquid. Perspiciatis voluptatibus neque maxime sit similique porro voluptate.', 4, '2019-01-30 01:32:40', '2019-01-30 01:32:40'),
(242, 20, 'Linda Tillman', 'Ad animi eos quas alias esse iste. Perspiciatis hic dolorem quo esse. Quibusdam doloremque est consequuntur veritatis tenetur.', 2, '2019-01-30 01:32:40', '2019-01-30 01:32:40'),
(243, 47, 'Sandrine Connelly', 'Praesentium quis rerum quibusdam nihil fuga reiciendis facere. Fuga aut ut corrupti aspernatur. Laboriosam dolorum explicabo corrupti est et et. Numquam qui aspernatur quia corrupti.', 2, '2019-01-30 01:32:40', '2019-01-30 01:32:40'),
(244, 17, 'Nickolas McDermott', 'Officiis atque voluptates tempora architecto animi porro odit. Quae pariatur possimus autem excepturi consequuntur accusamus ipsum magni. Quia sequi dolorem dicta tempore quo velit numquam.', 5, '2019-01-30 01:32:40', '2019-01-30 01:32:40'),
(245, 46, 'Ms. Marlee Hahn', 'Amet facere accusantium qui velit deleniti aperiam. Qui repellendus dolor id consequuntur. Repellat quidem blanditiis qui enim totam sunt.', 3, '2019-01-30 01:32:40', '2019-01-30 01:32:40'),
(246, 34, 'Dr. Rosalee Kulas Sr.', 'Non maxime provident consectetur ab nesciunt consequatur occaecati. Maiores autem neque quo veniam.', 2, '2019-01-30 01:32:40', '2019-01-30 01:32:40'),
(247, 35, 'Kellie Lowe', 'Ut fugiat qui quos harum non ullam quia. Ea ut dolor temporibus repellat. Sequi et suscipit ipsum dicta.', 1, '2019-01-30 01:32:40', '2019-01-30 01:32:40'),
(248, 95, 'Miss Yoshiko Osinski I', 'Nam libero officia consequuntur aut. Tempora modi ut et at accusantium vel ratione quis. Qui mollitia aut non ipsam expedita.', 1, '2019-01-30 01:32:40', '2019-01-30 01:32:40'),
(249, 93, 'Joy Batz', 'Temporibus beatae architecto est et. Omnis occaecati accusantium dolore quibusdam blanditiis ut vero. Corrupti voluptas fuga delectus cupiditate ipsum unde. Sint quia qui eum.', 3, '2019-01-30 01:32:40', '2019-01-30 01:32:40'),
(250, 3, 'Chet Waters', 'Odio dignissimos sed laudantium delectus aut sint. Aliquid expedita omnis quis culpa et. Fugiat sed magnam suscipit inventore et consequatur et.', 1, '2019-01-30 01:32:40', '2019-01-30 01:32:40'),
(251, 75, 'Boris Kozey', 'Unde voluptas labore velit et sequi. Autem iure eos quia quaerat sint ut praesentium. Recusandae quaerat iusto quo omnis quia enim dolorem. Eveniet est assumenda eos.', 3, '2019-01-30 01:32:40', '2019-01-30 01:32:40'),
(252, 24, 'Al Langworth', 'Ducimus et quia sint et magnam. Eum aut aut harum assumenda animi quaerat et. Nihil dignissimos exercitationem quia et et distinctio.', 0, '2019-01-30 01:32:40', '2019-01-30 01:32:40'),
(253, 15, 'Wilson Medhurst', 'Perspiciatis nobis voluptatem quia dicta. Qui deserunt libero tempore officia magni fugiat.', 3, '2019-01-30 01:32:40', '2019-01-30 01:32:40'),
(254, 23, 'Prof. Lexie Labadie', 'Similique tenetur sed quaerat odit itaque. Voluptas in corrupti sint molestias cum molestiae aperiam aut. Sunt itaque beatae voluptatem magni quis quod laborum. Nihil ut aut facilis aut tenetur et dolores.', 0, '2019-01-30 01:32:40', '2019-01-30 01:32:40'),
(255, 85, 'Scotty Satterfield', 'Accusamus quo temporibus est. Ut illum libero aspernatur assumenda quia sint natus. Aperiam illum ab possimus voluptates consequatur et nihil. Asperiores ratione iusto qui.', 4, '2019-01-30 01:32:40', '2019-01-30 01:32:40'),
(256, 22, 'Cortney Haag', 'Distinctio quisquam natus et facere harum aut voluptate. Cumque et reprehenderit corporis eum voluptatem omnis. Commodi quia ducimus doloremque qui voluptate sunt quasi veritatis. Officiis sed qui incidunt recusandae ut dignissimos sed.', 5, '2019-01-30 01:32:40', '2019-01-30 01:32:40'),
(257, 67, 'Casey Waters', 'Accusamus perspiciatis dolorem exercitationem voluptatum quis dolore aut. Distinctio et tenetur qui quo. Ab omnis sequi est quibusdam.', 5, '2019-01-30 01:32:40', '2019-01-30 01:32:40'),
(258, 54, 'Katheryn Toy I', 'Molestias debitis cum porro pariatur dicta. Pariatur soluta laborum et mollitia nam. Et est quia delectus asperiores facilis molestiae.', 3, '2019-01-30 01:32:40', '2019-01-30 01:32:40'),
(259, 51, 'Mrs. Martina Ruecker', 'Quos quisquam facilis beatae et. Aut totam quod voluptatibus. Voluptas dolorum qui sint necessitatibus dolores qui voluptatem.', 4, '2019-01-30 01:32:40', '2019-01-30 01:32:40'),
(260, 28, 'Dr. Rasheed Wilderman', 'Nobis eum numquam numquam officia dolor labore. Molestiae esse enim illo rerum. Laudantium ea necessitatibus inventore. Nobis et aliquid magnam ut in maxime placeat. Iste quos accusamus qui.', 5, '2019-01-30 01:32:40', '2019-01-30 01:32:40'),
(261, 66, 'Mr. Edd Kuhlman', 'Provident voluptatem voluptatum assumenda voluptatibus doloremque dolor consectetur. Necessitatibus corrupti qui ex a sed hic sunt perspiciatis. Sed laborum cum quia consequatur amet explicabo placeat.', 2, '2019-01-30 01:32:40', '2019-01-30 01:32:40'),
(262, 80, 'Frederic Stokes', 'Sunt ut et eos quam aut rem amet. Nostrum nihil enim nisi sapiente unde ut quo. Omnis perferendis ut labore quae natus cum omnis.', 4, '2019-01-30 01:32:40', '2019-01-30 01:32:40'),
(263, 91, 'Misty Kshlerin', 'Et ut iusto nihil sapiente. Aut incidunt sit sint corrupti aperiam. Nostrum dicta ut ratione minus.', 2, '2019-01-30 01:32:40', '2019-01-30 01:32:40'),
(264, 7, 'Elza Mitchell', 'Aut blanditiis consequatur quod consequuntur laudantium et. Necessitatibus tempore veniam sapiente sunt perspiciatis. Repudiandae dolores qui similique labore velit.', 5, '2019-01-30 01:32:40', '2019-01-30 01:32:40'),
(265, 36, 'Ms. Jaunita Parker', 'Et laborum magnam autem ut rem sequi illo. Vel dolores neque quia aliquam.', 0, '2019-01-30 01:32:40', '2019-01-30 01:32:40'),
(266, 82, 'Marcelina Rutherford MD', 'Deserunt repellendus sed adipisci est et soluta ea. Quaerat vel sed et ratione quis nulla ipsum. Optio molestias laboriosam sed dolores quasi quo ipsam. Laboriosam ut in ea aut inventore adipisci.', 5, '2019-01-30 01:32:40', '2019-01-30 01:32:40'),
(267, 77, 'Mr. Torey Cummings', 'Aperiam inventore consequatur qui magni optio. Temporibus autem perferendis quo velit a iusto aut. Quis omnis beatae voluptatem cum qui eveniet ad numquam.', 2, '2019-01-30 01:32:40', '2019-01-30 01:32:40'),
(268, 26, 'Ottilie Koss Sr.', 'Id ut nihil rerum a quas quas ut. Et molestiae facilis aut nihil eveniet aut et. Corrupti nemo debitis officiis eos.', 5, '2019-01-30 01:32:40', '2019-01-30 01:32:40'),
(269, 37, 'Ardella Stokes', 'Voluptas quisquam exercitationem voluptatem perspiciatis dolores distinctio. Velit voluptates quaerat doloribus dicta ut.', 0, '2019-01-30 01:32:40', '2019-01-30 01:32:40'),
(270, 24, 'Tyrell Auer I', 'Ut ut magnam veritatis aliquam odio sint necessitatibus. Dolorem delectus accusamus odit atque praesentium officia quo. Dolore quam vitae sint. Asperiores officia libero tempore aliquid mollitia repellat.', 5, '2019-01-30 01:32:40', '2019-01-30 01:32:40'),
(271, 48, 'Electa Legros Sr.', 'Voluptas accusantium ad sapiente eius. Omnis quas perspiciatis qui et numquam et.', 1, '2019-01-30 01:32:40', '2019-01-30 01:32:40'),
(272, 75, 'Madelynn Schowalter', 'Molestias ipsum in quidem quisquam repudiandae sed porro. Magnam id vero qui voluptas reiciendis. Distinctio rem et ut ipsa nam. Et et amet repellendus corrupti ut eaque.', 3, '2019-01-30 01:32:40', '2019-01-30 01:32:40'),
(273, 63, 'Blake Mosciski', 'Minus quia totam autem ut. Dolorem provident autem eos iste necessitatibus sit fugit quo. Et aperiam dolor ullam dolor unde natus et rem. Veniam eum quibusdam illum dolorem reiciendis blanditiis. Beatae quo dolor fuga et fugiat.', 0, '2019-01-30 01:32:40', '2019-01-30 01:32:40'),
(274, 56, 'Hillary Gulgowski', 'Et fuga iure quis aut. Nam repudiandae in nisi maxime qui. Omnis accusantium repellendus qui placeat aliquam. Dolorum qui quae ipsum sint harum. Praesentium cupiditate totam molestiae maxime voluptate et aliquam ducimus.', 5, '2019-01-30 01:32:40', '2019-01-30 01:32:40'),
(275, 82, 'Dr. Lisa Jacobson', 'Eveniet harum eligendi libero ad velit voluptatem. Voluptate deserunt architecto nesciunt aut. Et quis necessitatibus inventore est architecto delectus. Earum eum qui eius earum.', 2, '2019-01-30 01:32:40', '2019-01-30 01:32:40'),
(276, 80, 'Emilio Bednar', 'Reiciendis error rerum soluta et illo cumque consequatur. Qui ab aliquid magnam dolorum. Facere et quidem porro animi.', 2, '2019-01-30 01:32:40', '2019-01-30 01:32:40'),
(277, 15, 'Mr. Santino Pouros', 'Magni enim quo fugit et corporis dicta consectetur. Aspernatur accusantium officia quia rem sit tenetur veritatis. Nihil alias perspiciatis unde quas commodi eos.', 2, '2019-01-30 01:32:40', '2019-01-30 01:32:40'),
(278, 59, 'Liza Yundt', 'Porro ipsa odio vel. Provident suscipit modi numquam sunt quo qui. Dolorem sequi fuga voluptas qui. Omnis quia et aut eius.', 0, '2019-01-30 01:32:40', '2019-01-30 01:32:40'),
(279, 21, 'Prof. Jakob Stroman', 'Expedita dolor placeat consectetur. Voluptatem eaque sint rerum aut porro earum corrupti. Ut dolores doloribus facere doloremque amet.', 5, '2019-01-30 01:32:40', '2019-01-30 01:32:40'),
(280, 70, 'Orville Grady I', 'Rerum assumenda cum fugit expedita quia. Nemo et tempore veritatis illo recusandae qui aut. Nam eligendi et ut accusantium quis.', 3, '2019-01-30 01:32:40', '2019-01-30 01:32:40'),
(281, 97, 'Alene Dooley', 'Excepturi molestiae dignissimos saepe omnis vel. Voluptas minima consectetur repellendus ratione maiores. Qui perferendis consequatur laborum corrupti dolorum commodi praesentium. Deserunt aut enim itaque qui et.', 2, '2019-01-30 01:32:40', '2019-01-30 01:32:40'),
(282, 52, 'Jo Bednar', 'Neque exercitationem quasi voluptatibus similique beatae voluptas. Ea nemo eos consectetur deleniti libero odio temporibus mollitia. Autem vel commodi non ut beatae minus.', 5, '2019-01-30 01:32:40', '2019-01-30 01:32:40'),
(283, 58, 'Daron Ferry', 'Consequatur quibusdam qui odit. Cupiditate ipsum voluptate nisi inventore vel laboriosam enim. Est ullam enim et asperiores quae itaque quasi.', 3, '2019-01-30 01:32:40', '2019-01-30 01:32:40'),
(284, 62, 'Celine Trantow', 'Aspernatur veritatis mollitia aut. Soluta facere explicabo sequi ut nostrum ipsa ab. Similique nobis laboriosam ratione aperiam rerum.', 2, '2019-01-30 01:32:40', '2019-01-30 01:32:40'),
(285, 5, 'Prof. Hosea Schuppe II', 'Eos sequi voluptatem placeat saepe dolor et est. Rerum quia aut possimus. Aliquam possimus vel molestias ipsam voluptatem. Non ullam dignissimos officia numquam in.', 3, '2019-01-30 01:32:40', '2019-01-30 01:32:40'),
(286, 7, 'Ms. Tabitha Metz MD', 'Voluptatem tempore nihil delectus id molestias id doloremque. Culpa voluptatem temporibus magni non. Dolores quas error neque deserunt quia illum quia debitis.', 5, '2019-01-30 01:32:40', '2019-01-30 01:32:40'),
(287, 47, 'Mrs. Eve Thiel MD', 'Cumque natus itaque veritatis quasi reiciendis. Nobis qui ut et quo. Minus autem dolores laboriosam omnis nisi inventore. Molestiae ea repellendus voluptates quidem enim in totam.', 2, '2019-01-30 01:32:40', '2019-01-30 01:32:40'),
(288, 72, 'Mathias Braun', 'Quasi nihil quis ipsum saepe fuga voluptatibus molestiae nihil. Quidem maxime id sunt facere molestias recusandae. Commodi optio maiores quos fugit aut omnis.', 2, '2019-01-30 01:32:40', '2019-01-30 01:32:40'),
(289, 9, 'Prof. Ashlynn Rice DDS', 'Tempora similique nulla voluptatibus totam voluptas deleniti. Porro ea quasi omnis quaerat fuga expedita esse magnam. Hic est magni ducimus vero.', 1, '2019-01-30 01:32:40', '2019-01-30 01:32:40'),
(290, 61, 'Irving Nolan V', 'Rerum ad dolorum debitis nam beatae eveniet. Aut assumenda vitae similique minus reprehenderit quam optio aut. Non sint facilis et eius accusantium porro libero.', 0, '2019-01-30 01:32:40', '2019-01-30 01:32:40'),
(291, 10, 'Arvilla Harris', 'Assumenda omnis dicta et sunt ut nobis placeat tempore. Incidunt voluptatem animi officiis exercitationem. Quo impedit dicta voluptatem fuga a ex omnis. Aut a et rerum dolores dicta minus.', 5, '2019-01-30 01:32:40', '2019-01-30 01:32:40'),
(292, 43, 'Dr. Oceane Olson II', 'Sapiente aut ut ut deserunt amet fuga sint. Labore quasi ut incidunt sed. Quia delectus magni aut assumenda. Blanditiis praesentium maiores architecto. Beatae dignissimos sed nemo quasi.', 2, '2019-01-30 01:32:40', '2019-01-30 01:32:40'),
(293, 62, 'Nyah Lynch', 'Esse esse et facere harum laboriosam qui. Excepturi similique quibusdam velit veniam ea explicabo. Voluptatem nobis atque iusto ad vel corrupti voluptatem. Eveniet error quos vero debitis ad.', 4, '2019-01-30 01:32:40', '2019-01-30 01:32:40'),
(294, 24, 'Wilhelm Abshire', 'Non consequatur recusandae non aperiam perspiciatis animi est est. Ut odio ad velit minus non provident. Fugiat delectus quia nemo est eos voluptatem. Nihil qui laboriosam rerum quidem placeat.', 4, '2019-01-30 01:32:40', '2019-01-30 01:32:40'),
(295, 82, 'Mr. Norwood Bins', 'Quidem beatae aut esse sint qui. In libero quo fuga neque rerum. Nemo velit est minus sapiente consectetur impedit. Maiores laborum molestiae corrupti numquam dolores.', 3, '2019-01-30 01:32:40', '2019-01-30 01:32:40'),
(296, 30, 'Prof. Weldon Bradtke I', 'Veritatis cupiditate quis amet illo. Corporis quod veniam consequuntur sit eius neque. Consequatur occaecati iusto reprehenderit non atque. Rerum nostrum voluptatem culpa perspiciatis perferendis.', 0, '2019-01-30 01:32:40', '2019-01-30 01:32:40'),
(297, 85, 'Prof. Tracey Lehner Jr.', 'Quae excepturi id aspernatur voluptas eos et. Quo sit et debitis quibusdam esse magni. Voluptatem amet harum ullam at voluptatem. Quaerat eveniet ut doloribus.', 3, '2019-01-30 01:32:40', '2019-01-30 01:32:40'),
(298, 77, 'Orpha Mitchell', 'Accusantium eos commodi occaecati maxime voluptates. Possimus est debitis sed et repellat. Repudiandae adipisci fugit quia perspiciatis quae maxime optio.', 5, '2019-01-30 01:32:40', '2019-01-30 01:32:40'),
(299, 52, 'Loraine Senger', 'Doloribus laborum consequatur ea odit. Voluptatum officiis id est explicabo eligendi temporibus. Maiores perferendis cum quia vitae quam cum temporibus.', 1, '2019-01-30 01:32:40', '2019-01-30 01:32:40'),
(300, 81, 'Erika Graham', 'Unde in voluptate ex velit qui consequatur dolores. Nulla asperiores suscipit dolor quo aspernatur aut. Esse dicta reprehenderit maxime voluptates sit omnis hic.', 4, '2019-01-30 01:32:40', '2019-01-30 01:32:40'),
(301, 91, 'Prof. Amy Hayes DVM', 'Accusantium ipsum sit non sit quisquam. Inventore aliquam quia ducimus omnis nisi et omnis. Molestiae dolorem est itaque. Distinctio nostrum voluptate beatae quia dicta omnis cupiditate assumenda.', 1, '2019-01-30 01:32:40', '2019-01-30 01:32:40'),
(302, 69, 'Zackary Kuhlman', 'Qui dolores et non impedit labore est laudantium. Iste deleniti sed voluptatem magni suscipit eum aliquam. Dolor quis voluptatem placeat architecto ea. Eveniet minima qui praesentium et.', 3, '2019-01-30 01:32:40', '2019-01-30 01:32:40'),
(303, 16, 'Brionna Brakus', 'Placeat et quae perferendis. Inventore harum laborum facilis ratione dolorem sunt.', 4, '2019-01-30 01:32:40', '2019-01-30 01:32:40'),
(304, 70, 'Vito Bartoletti', 'Eos provident in illum voluptatum veritatis eum aperiam. Quasi qui sint ut animi non. Ipsum fugiat ut sit optio recusandae et velit. Ut minus officia ut consequatur harum et delectus.', 5, '2019-01-30 01:32:40', '2019-01-30 01:32:40'),
(305, 45, 'Abagail Runte', 'Eius error veniam illo fuga qui. Corporis architecto rem suscipit fugiat. Qui qui soluta consectetur necessitatibus.', 4, '2019-01-30 01:32:40', '2019-01-30 01:32:40'),
(306, 73, 'Parker Hermann', 'Voluptatum temporibus alias recusandae sint vero eveniet. At laborum autem voluptas consequatur et sint. Repellendus est nostrum ut omnis.', 0, '2019-01-30 01:32:40', '2019-01-30 01:32:40'),
(307, 35, 'Dr. Eriberto Hane', 'Totam expedita repellendus et sunt perspiciatis. Architecto omnis nostrum omnis a. Est cum aut autem.', 1, '2019-01-30 01:32:40', '2019-01-30 01:32:40'),
(308, 12, 'Isidro Dach', 'Saepe pariatur est et vel autem sapiente et. Voluptas qui ipsa voluptate est sit. Adipisci possimus enim sint non qui quis commodi ad.', 2, '2019-01-30 01:32:40', '2019-01-30 01:32:40'),
(309, 28, 'Adam Treutel', 'Fugiat similique error dolorem ut quo tenetur qui. Voluptas repellendus facere facere voluptas. Doloribus rerum eos non maiores similique eligendi delectus. Assumenda hic rem optio architecto voluptatem fugit est. Laborum aliquam veniam quis ut mollitia.', 1, '2019-01-30 01:32:40', '2019-01-30 01:32:40'),
(310, 51, 'Greyson Murazik', 'Voluptatem ad libero molestias earum. Ut sapiente qui qui eum praesentium quam et minima. Ut repellat aut tenetur vitae inventore a. Quibusdam vero explicabo ipsa.', 3, '2019-01-30 01:32:40', '2019-01-30 01:32:40'),
(311, 66, 'Devan Zulauf', 'Est sit autem molestiae facilis id. Molestias qui iste corporis accusantium. Mollitia totam dignissimos inventore tenetur modi ut culpa quae. Laboriosam natus voluptas eligendi.', 5, '2019-01-30 01:32:40', '2019-01-30 01:32:40'),
(312, 79, 'Daren Schneider DDS', 'Itaque ut enim voluptas consectetur aut. Voluptatem corrupti velit sit ea quasi. Dolorum assumenda mollitia nobis rerum eius inventore aliquid sunt. Et quia est qui et.', 1, '2019-01-30 01:32:40', '2019-01-30 01:32:40'),
(313, 84, 'Ashlee Bins DDS', 'Eos fugit et et minima. Id sunt aut eos soluta voluptatem ipsum autem magnam. Autem nesciunt iure est non ut voluptatem. Similique fugit eaque ipsa qui.', 4, '2019-01-30 01:32:40', '2019-01-30 01:32:40'),
(314, 35, 'Lennie Kuhic Sr.', 'Et labore dolorem deserunt quasi sunt. Optio eaque officiis mollitia quo mollitia molestias. Et et explicabo sit id autem placeat. Laudantium voluptate autem et sunt assumenda.', 3, '2019-01-30 01:32:40', '2019-01-30 01:32:40'),
(315, 16, 'Ubaldo Hane', 'Et eligendi aut et molestias consequatur. Cum quidem culpa unde consequatur omnis. Aperiam aliquid ipsa temporibus aperiam.', 5, '2019-01-30 01:32:40', '2019-01-30 01:32:40'),
(316, 8, 'Ramona Pagac V', 'Et recusandae enim quia consectetur eveniet ea esse. Debitis dolores et laudantium quis omnis. Error et voluptas adipisci atque quis. Dolorum dolorem illum praesentium neque libero eveniet asperiores dignissimos.', 4, '2019-01-30 01:32:40', '2019-01-30 01:32:40'),
(317, 12, 'Damion Stehr', 'Doloremque ducimus vel porro velit voluptatem incidunt eum. Omnis libero sit quia repudiandae. Ea deserunt pariatur et quia.', 5, '2019-01-30 01:32:40', '2019-01-30 01:32:40'),
(318, 78, 'Dr. Cory Beier', 'Voluptates minima dicta error non ut maiores quidem. Est accusamus dolores blanditiis possimus. Sed nihil perspiciatis rerum natus qui praesentium.', 5, '2019-01-30 01:32:40', '2019-01-30 01:32:40'),
(319, 87, 'Prof. Deron Bogisich DVM', 'Aut labore tenetur modi suscipit vel saepe. Dolore quis aut sapiente placeat quasi. Ad aperiam praesentium qui suscipit qui. Consequatur minima qui aspernatur est.', 1, '2019-01-30 01:32:40', '2019-01-30 01:32:40'),
(320, 7, 'Esther Gorczany', 'Quia dolor laboriosam neque est rerum sed quos. Unde nemo quis rem recusandae mollitia. Dolore eveniet rerum est cupiditate.', 1, '2019-01-30 01:32:40', '2019-01-30 01:32:40'),
(321, 44, 'Oral Rodriguez', 'Voluptas consequatur dolorem tempora sint incidunt quibusdam voluptatibus. Minus qui culpa voluptatem vel accusamus mollitia. Rerum similique magni in natus quia et sit.', 2, '2019-01-30 01:32:40', '2019-01-30 01:32:40'),
(322, 22, 'Mrs. Magali Schmitt', 'Suscipit nihil est accusamus qui sit voluptatem. Autem iusto dolorum expedita voluptas. Est vel iusto quod labore dolor.', 3, '2019-01-30 01:32:40', '2019-01-30 01:32:40'),
(323, 9, 'Nakia Yundt', 'Architecto velit asperiores voluptatem illum. Aut est enim sit eum eos. Illo molestias rerum atque dolor asperiores quis consectetur.', 5, '2019-01-30 01:32:40', '2019-01-30 01:32:40'),
(324, 16, 'Erika Schuppe', 'Fugit sit dolor ea omnis distinctio quis quas nemo. Atque quos ducimus aut voluptates. Ipsam ipsam illo fugiat tempore deleniti. Consectetur error tempore neque modi tempora. Quis quo et saepe et magni.', 4, '2019-01-30 01:32:40', '2019-01-30 01:32:40'),
(325, 20, 'Stephany McClure', 'Rem a ea minus omnis laborum. Suscipit quibusdam vitae deleniti deserunt repudiandae. Quia quis aut aut quos ab est.', 1, '2019-01-30 01:32:40', '2019-01-30 01:32:40'),
(326, 75, 'Demarco Wyman', 'Odio sint perspiciatis modi est aspernatur. Nam voluptas sint tempora inventore nihil. Occaecati earum laudantium qui quos. Reiciendis tempora eveniet consequuntur tenetur cumque alias alias.', 0, '2019-01-30 01:32:40', '2019-01-30 01:32:40'),
(327, 35, 'Mrs. Yolanda Walter DDS', 'Et quisquam natus aliquid eligendi minus aliquid architecto. Sapiente nihil reprehenderit qui vel pariatur consequuntur pariatur commodi. Nemo distinctio qui vel repellat qui quo. Quam nam enim provident sed sit non soluta. Quibusdam molestiae repellendus est suscipit.', 2, '2019-01-30 01:32:40', '2019-01-30 01:32:40'),
(328, 53, 'Dr. Leonard Beatty MD', 'Adipisci sunt voluptatem ut error distinctio atque. Veniam doloremque ut quia ea.', 0, '2019-01-30 01:32:40', '2019-01-30 01:32:40'),
(329, 56, 'Tobin Wiegand', 'Ratione minima dignissimos sed. Reiciendis alias sint ad. Nesciunt explicabo sed iusto et.', 3, '2019-01-30 01:32:40', '2019-01-30 01:32:40'),
(330, 19, 'Jamir Hayes', 'Sapiente est excepturi expedita repellendus impedit nostrum amet. Enim et velit non repellendus voluptatibus vel optio. Voluptas blanditiis perspiciatis rerum cum nesciunt. Officiis aperiam iusto illum eos aut dolorum earum numquam.', 0, '2019-01-30 01:32:40', '2019-01-30 01:32:40'),
(331, 55, 'Prince Parker', 'Ex nobis earum corporis ipsum facilis a. Consectetur maiores molestiae illo eveniet.', 0, '2019-01-30 01:32:40', '2019-01-30 01:32:40'),
(332, 85, 'Maximilian Predovic', 'Aut ut qui voluptates autem porro consequatur voluptatibus. Qui qui non non aut sequi dolorem velit molestiae. Vel sunt alias totam rerum esse architecto. Velit deleniti cumque facere iure nostrum voluptas. Ut minima et cumque dicta nobis quidem reprehenderit.', 0, '2019-01-30 01:32:40', '2019-01-30 01:32:40'),
(333, 1, 'Martin Metz', 'Eveniet libero quas mollitia quo. Quis sit cupiditate culpa qui fugit nesciunt. Ipsum laborum voluptatum ut quia sed in.', 2, '2019-01-30 01:32:40', '2019-01-30 01:32:40'),
(334, 73, 'Stephany Wiza', 'Reiciendis eaque quia nulla consequatur deserunt. Natus quis earum facere ipsam nostrum dolore. Debitis magni magni aspernatur eveniet. Enim ut tenetur saepe vel.', 1, '2019-01-30 01:32:40', '2019-01-30 01:32:40'),
(335, 50, 'Miss Daphney Wilkinson', 'Perferendis quaerat consequatur aut ea. Totam sunt ab excepturi voluptas illo quos. Sed reiciendis et sit aut distinctio. Cumque non aut animi et iusto voluptate.', 5, '2019-01-30 01:32:40', '2019-01-30 01:32:40'),
(336, 28, 'Santiago Bahringer', 'Praesentium sapiente omnis repudiandae repudiandae quidem maiores reiciendis. Facilis illo eum suscipit rerum accusamus. Voluptatibus ea nihil in et earum et. Repudiandae magnam quisquam temporibus reiciendis.', 1, '2019-01-30 01:32:40', '2019-01-30 01:32:40'),
(337, 70, 'Reese Medhurst', 'Repellat occaecati enim sit error perspiciatis aspernatur ipsum. Dolores sequi tempora qui optio magni iusto ipsa. Dolorem debitis fugiat natus dolores est vero laboriosam.', 5, '2019-01-30 01:32:40', '2019-01-30 01:32:40'),
(338, 83, 'Prof. Deshawn West', 'Quas eos autem eum molestiae. Reprehenderit aliquam maiores exercitationem harum laboriosam. Neque sed quia ullam dolore.', 5, '2019-01-30 01:32:40', '2019-01-30 01:32:40'),
(339, 78, 'Amie Murray', 'Vitae ullam sed quibusdam sunt. Velit molestias in officia adipisci quia adipisci ratione. Dolores similique quis aut itaque.', 4, '2019-01-30 01:32:40', '2019-01-30 01:32:40'),
(340, 3, 'Jan Rice', 'Impedit voluptatem eius fugit quaerat. Autem et at quae eaque in totam dolore. Ipsa ducimus sunt incidunt rerum.', 1, '2019-01-30 01:32:40', '2019-01-30 01:32:40'),
(341, 41, 'Elenora Mitchell', 'Veniam numquam quod velit fuga hic. Nam similique suscipit consectetur optio. Iusto iste adipisci rem aut nemo.', 5, '2019-01-30 01:32:40', '2019-01-30 01:32:40'),
(342, 12, 'Miss Eugenia Borer DDS', 'Recusandae odit impedit blanditiis molestiae temporibus fugit vel. Dolor veniam dolorum non. Eius voluptatem dolorem aspernatur minima nesciunt. Dicta rerum architecto et et aut.', 5, '2019-01-30 01:32:40', '2019-01-30 01:32:40'),
(343, 57, 'Mrs. Meghan Blick DDS', 'Neque eum consequuntur molestiae aliquid tempore. Omnis ut est cum aut commodi enim consequatur. Vel distinctio aut dolor velit officia. Dolor itaque officia tempore fuga ut provident eum.', 0, '2019-01-30 01:32:40', '2019-01-30 01:32:40'),
(344, 89, 'Madonna Schoen', 'Nam blanditiis incidunt eos veniam earum qui illo. Cum sed fugiat assumenda ut laboriosam. Incidunt cupiditate ducimus laudantium quos laborum. Ratione voluptatem ab eius est veniam ut.', 4, '2019-01-30 01:32:40', '2019-01-30 01:32:40'),
(345, 30, 'Lilian Cremin', 'Laboriosam accusantium enim consequuntur incidunt non. Minus et ut debitis exercitationem maiores in necessitatibus. Ab ut maxime aut placeat sit aut voluptate omnis. Voluptatum molestias ratione vero debitis.', 3, '2019-01-30 01:32:40', '2019-01-30 01:32:40'),
(346, 21, 'Quinton Ruecker', 'Placeat esse ea voluptates aut saepe mollitia non. Sit asperiores expedita aut itaque. Expedita sunt quos ut occaecati.', 2, '2019-01-30 01:32:40', '2019-01-30 01:32:40'),
(347, 81, 'Corene Renner DDS', 'Odio nihil minus incidunt. Commodi non nobis exercitationem ducimus saepe eos. Laborum in in non modi. Est ipsa esse ullam dolorem tempore.', 3, '2019-01-30 01:32:40', '2019-01-30 01:32:40'),
(348, 81, 'Loraine Sipes I', 'Nesciunt occaecati culpa perferendis cupiditate. Debitis voluptates iste aliquam eveniet modi voluptas. Quo ratione exercitationem aut odit facere recusandae.', 2, '2019-01-30 01:32:40', '2019-01-30 01:32:40'),
(349, 21, 'Barbara Anderson', 'Eos deserunt aut ut deserunt magnam ut aspernatur. Aut nihil doloribus soluta quod non. Reiciendis beatae pariatur est earum voluptas. Et exercitationem libero omnis eaque dolorem nemo sint. Beatae aliquid pariatur odit.', 5, '2019-01-30 01:32:40', '2019-01-30 01:32:40'),
(350, 24, 'Vada Gottlieb', 'Ipsum voluptatem non et beatae quis aut odio. Saepe neque laboriosam nobis a. Id cumque facere ipsam vel hic.', 1, '2019-01-30 01:32:40', '2019-01-30 01:32:40'),
(351, 93, 'Pearlie Green', 'Harum et ut nisi quis ab eum eaque consequuntur. Illo et dolores dolor quos nam eum aliquid aut.', 4, '2019-01-30 01:32:40', '2019-01-30 01:32:40'),
(352, 65, 'Dr. Marcel Lueilwitz IV', 'Sunt tempore excepturi necessitatibus. Quasi non repellat et qui molestiae aspernatur facere vel. Tenetur aut soluta sunt ipsa sed ut. Alias aliquam aut laborum reprehenderit.', 0, '2019-01-30 01:32:40', '2019-01-30 01:32:40'),
(353, 72, 'Lorena McClure', 'Quos sit voluptates id. Sed officia possimus non omnis omnis tenetur nesciunt consequuntur. Non veritatis nostrum ea ut minima voluptatem et. Quo quasi et ex rerum ratione autem officia.', 5, '2019-01-30 01:32:40', '2019-01-30 01:32:40'),
(354, 36, 'Tobin Auer I', 'Nulla qui necessitatibus sed aperiam aut odio. In minus culpa vero velit eum ut. Repellat quam ab qui repellendus et veritatis hic.', 2, '2019-01-30 01:32:40', '2019-01-30 01:32:40'),
(355, 44, 'Jacynthe Mraz', 'Et aut dolorum eligendi id sunt iure. Porro adipisci nesciunt ducimus consequatur dolorem esse non. Quis eum praesentium qui non. Iure sed ipsam in sit rem in.', 5, '2019-01-30 01:32:40', '2019-01-30 01:32:40'),
(356, 29, 'Daniella Wintheiser', 'Cupiditate quas dolor optio quo sequi aut. Vel velit et ullam nisi ducimus sunt architecto. Occaecati animi nulla explicabo consequatur eligendi nemo. Sed ut reiciendis possimus accusantium iste.', 3, '2019-01-30 01:32:40', '2019-01-30 01:32:40'),
(357, 63, 'Shaniya O\'Reilly', 'Sit est cum quis neque ut ut. Non nesciunt reprehenderit velit modi velit possimus similique. Aut officiis quo velit minima. Voluptas exercitationem amet neque harum qui est corporis id.', 2, '2019-01-30 01:32:40', '2019-01-30 01:32:40'),
(358, 28, 'Augusta Brown', 'Perspiciatis quis exercitationem quia pariatur. Ea vel vitae consequatur. Quia debitis et blanditiis animi.', 1, '2019-01-30 01:32:40', '2019-01-30 01:32:40'),
(359, 72, 'Mrs. Alia Stiedemann DVM', 'Animi vel quaerat qui beatae aut. In expedita assumenda ducimus cum. Officiis explicabo voluptate sapiente expedita saepe magnam voluptas.', 2, '2019-01-30 01:32:40', '2019-01-30 01:32:40'),
(360, 96, 'Kay Schimmel', 'Nihil pariatur consequatur et necessitatibus quo quia voluptas. Atque est saepe id tenetur. Et fugit incidunt non hic officia omnis. Doloremque itaque voluptates nisi nulla quis cupiditate.', 1, '2019-01-30 01:32:40', '2019-01-30 01:32:40'),
(361, 1, 'Dorthy Gulgowski', 'Maiores odit reprehenderit voluptatem hic unde aut. Placeat et libero rerum. Occaecati non debitis aut consectetur.', 5, '2019-01-30 01:32:40', '2019-01-30 01:32:40'),
(362, 45, 'Mr. Judah Beatty V', 'Dolorem necessitatibus illum ullam impedit molestias aperiam explicabo. Sunt enim explicabo cumque laborum est repellendus rerum. Laborum praesentium voluptas harum est velit velit. Et impedit sit vitae dolore voluptatibus quibusdam sunt.', 2, '2019-01-30 01:32:40', '2019-01-30 01:32:40'),
(363, 35, 'Lillie Weber', 'Eos molestiae quasi minus quisquam. Nemo voluptate molestiae deleniti itaque non eos est. Ad voluptas sunt dolorum ipsa ipsum. Occaecati ducimus ut maxime molestiae sit eaque voluptas ipsum.', 4, '2019-01-30 01:32:40', '2019-01-30 01:32:40'),
(364, 53, 'Leola Cummerata', 'Facere impedit voluptas occaecati ullam fugit officia asperiores. Repellat tempora quidem laudantium repellat sed facilis. Ipsam eum nobis mollitia minima.', 5, '2019-01-30 01:32:40', '2019-01-30 01:32:40'),
(365, 95, 'Prof. Andre Roob Jr.', 'Quidem perspiciatis ut cum aliquid doloremque molestiae. Eligendi maiores deleniti consequatur sit beatae. Non fugit natus maiores commodi repellat quo neque.', 4, '2019-01-30 01:32:40', '2019-01-30 01:32:40'),
(366, 85, 'Prof. Elmer Mertz', 'Omnis tenetur quo autem quia quia. Quam laboriosam repellat quibusdam quos quis repellendus laudantium. Esse et itaque est. Ab tenetur dignissimos eius suscipit et nesciunt. Cumque aut voluptate ea alias ducimus sit.', 2, '2019-01-30 01:32:40', '2019-01-30 01:32:40'),
(367, 77, 'Daphne Champlin', 'Numquam mollitia enim non cupiditate ex. Quas et est excepturi itaque iusto reprehenderit. Molestias in voluptatibus sint a.', 1, '2019-01-30 01:32:40', '2019-01-30 01:32:40'),
(368, 79, 'Harmony Borer', 'Et cupiditate voluptatem molestiae et incidunt debitis. Quidem earum facilis provident cum ut odit. Tempora officiis magnam deserunt et in maiores.', 5, '2019-01-30 01:32:40', '2019-01-30 01:32:40'),
(369, 80, 'Sydney Barrows', 'Occaecati hic autem minima quidem. Voluptatem nesciunt qui corporis optio harum deleniti. Voluptatem sunt quis rem minima. Praesentium repellat eligendi architecto est.', 4, '2019-01-30 01:32:40', '2019-01-30 01:32:40'),
(370, 65, 'Mr. Emmett Conn', 'Molestiae nam sunt molestiae non quibusdam temporibus repellendus sit. Deleniti assumenda voluptates eligendi quidem id et et alias. Consequatur provident at est excepturi. In natus temporibus veniam.', 2, '2019-01-30 01:32:40', '2019-01-30 01:32:40'),
(371, 54, 'Lera Witting', 'Nihil laboriosam vel sequi hic. Quae suscipit odio odit voluptatibus deserunt. Explicabo eum consequuntur nisi iusto natus. Eos porro blanditiis fuga sit facere qui aut.', 3, '2019-01-30 01:32:40', '2019-01-30 01:32:40'),
(372, 73, 'Wilford Fay', 'Veritatis quis vero nemo fugit voluptatem. Eius omnis odio et rerum et. Ratione voluptatem maiores ratione quibusdam non. Nihil molestiae blanditiis molestiae.', 3, '2019-01-30 01:32:40', '2019-01-30 01:32:40'),
(373, 57, 'Clement Stamm', 'Sapiente consequatur sed eius quaerat itaque in. Rem sunt omnis dolor at necessitatibus tempore. Ullam quaerat quae ut eaque ut. Quia consequatur culpa quasi ut sit.', 3, '2019-01-30 01:32:40', '2019-01-30 01:32:40'),
(374, 37, 'Lelah Hoeger', 'Perferendis quae saepe dignissimos quaerat rerum ea. Voluptas nostrum sint adipisci blanditiis.', 2, '2019-01-30 01:32:40', '2019-01-30 01:32:40'),
(375, 97, 'Anabelle Erdman PhD', 'Sint enim sit voluptates voluptatem et optio. Sit veritatis minus quod magnam quia velit. Tenetur beatae dicta sed cum eaque et adipisci aspernatur. Voluptatem velit minus perferendis tempore debitis et.', 4, '2019-01-30 01:32:40', '2019-01-30 01:32:40'),
(376, 39, 'Carole Schimmel IV', 'Saepe est incidunt voluptatem consequatur qui. Doloribus tenetur quidem et unde ratione repudiandae magni. Magnam quibusdam molestiae autem vitae maxime repellendus. Adipisci vitae vel pariatur culpa vel perspiciatis ut.', 5, '2019-01-30 01:32:40', '2019-01-30 01:32:40'),
(377, 57, 'Paula Schiller', 'Dolores quidem et tempora placeat asperiores. Possimus qui reiciendis consequatur asperiores alias expedita. Harum rerum a quis quis quibusdam exercitationem ex.', 2, '2019-01-30 01:32:40', '2019-01-30 01:32:40'),
(378, 17, 'Bart White Jr.', 'Ipsa qui doloremque ex sit ipsa ut consequuntur est. Odit dolorem itaque totam voluptas. Impedit soluta a qui quo minus.', 4, '2019-01-30 01:32:40', '2019-01-30 01:32:40'),
(379, 72, 'Ottilie Gleichner', 'Sit velit dolorem odit saepe quia dolores eum. Recusandae voluptatem iure optio quo aut.', 3, '2019-01-30 01:32:40', '2019-01-30 01:32:40'),
(380, 79, 'Misael Lehner', 'Voluptatem dolores voluptates reprehenderit vero consectetur sequi consequatur. Ad quia esse eligendi dignissimos aut. Earum sequi voluptatibus quam. Perspiciatis quis laborum aspernatur et.', 3, '2019-01-30 01:32:40', '2019-01-30 01:32:40'),
(381, 71, 'Garland Schimmel', 'Deleniti natus fugiat deleniti. Cumque qui fuga dolorem repellat. Omnis sapiente earum voluptatum expedita vel repudiandae similique. Non consequatur culpa et perspiciatis.', 1, '2019-01-30 01:32:40', '2019-01-30 01:32:40'),
(382, 21, 'Mr. Tracey Gibson III', 'Id qui tenetur ab eligendi aut necessitatibus. Ad natus eaque voluptas omnis est possimus maiores. Id in reiciendis accusamus ipsum impedit.', 2, '2019-01-30 01:32:40', '2019-01-30 01:32:40'),
(383, 94, 'Theresia Steuber', 'Numquam suscipit corrupti optio deserunt odit non maiores itaque. Dolor ratione et minima velit. Quasi laboriosam nostrum dolorem officia debitis distinctio.', 3, '2019-01-30 01:32:40', '2019-01-30 01:32:40'),
(384, 77, 'Nelda Hill', 'Esse cupiditate unde nemo et eos odit et. Sit est a ratione officiis nesciunt voluptatum quibusdam. Vel error quas quisquam nam. Qui in nihil ut soluta error dolorum ut.', 5, '2019-01-30 01:32:40', '2019-01-30 01:32:40'),
(385, 28, 'Mr. Roberto Zemlak', 'Debitis suscipit similique voluptas non dolorem. Nihil adipisci reiciendis eveniet quia ducimus quas et. Inventore dolores earum quam autem corrupti. Ex est totam distinctio. Ducimus quos cupiditate ducimus est quidem.', 3, '2019-01-30 01:32:40', '2019-01-30 01:32:40'),
(386, 1, 'Kade Pollich', 'Et tempora earum exercitationem unde quisquam. Iusto officiis aut commodi adipisci ut iure maxime. Quod magni maxime praesentium.', 1, '2019-01-30 01:32:40', '2019-01-30 01:32:40'),
(387, 27, 'Mr. Ayden Hills Jr.', 'Sunt nam sint est est sint maiores. Ab aut perferendis eius dolorum. Aperiam molestiae est doloremque facilis. Amet in eligendi nulla sequi ducimus qui et. Porro enim aut accusantium et.', 3, '2019-01-30 01:32:40', '2019-01-30 01:32:40'),
(388, 53, 'Dax Murray III', 'Qui quaerat ut non totam tempore molestiae. Corrupti exercitationem a asperiores sunt perferendis aut beatae. Quae quos sunt sequi expedita quae ut eligendi.', 0, '2019-01-30 01:32:40', '2019-01-30 01:32:40'),
(389, 54, 'Hassie Bednar', 'Possimus hic alias voluptatem quas qui non. Cupiditate dolorem quam laboriosam maxime quis voluptatem. Veniam perferendis ab nam ipsam.', 2, '2019-01-30 01:32:40', '2019-01-30 01:32:40'),
(390, 27, 'Sandy Fritsch PhD', 'Ipsa pariatur at ducimus quis sint et temporibus. Aliquid facilis tempore illo omnis et aut doloribus qui.', 0, '2019-01-30 01:32:40', '2019-01-30 01:32:40'),
(391, 69, 'Haleigh Gutmann', 'Hic sapiente officiis et reprehenderit et. Et error rerum quasi ut aut animi quidem. Velit minus deleniti aut minus itaque nihil molestiae. Consequuntur et officiis totam nisi quibusdam.', 5, '2019-01-30 01:32:40', '2019-01-30 01:32:40'),
(392, 55, 'Floy Dicki', 'Sunt quis sit vel suscipit tenetur aut. Est vitae saepe nihil voluptas. Earum sint aut nihil aspernatur animi reprehenderit quis a.', 0, '2019-01-30 01:32:40', '2019-01-30 01:32:40'),
(393, 70, 'Ladarius Reynolds III', 'Modi hic voluptatum laboriosam nisi aliquid harum molestias sit. Illum quibusdam illum atque molestiae. Perferendis neque et esse eum qui.', 5, '2019-01-30 01:32:40', '2019-01-30 01:32:40'),
(394, 32, 'Eliane Konopelski Jr.', 'Adipisci natus voluptatem quibusdam dolorem. Dolor corrupti porro voluptates veritatis.', 4, '2019-01-30 01:32:40', '2019-01-30 01:32:40'),
(395, 75, 'Martina Walter', 'Molestias repudiandae quidem est excepturi eos et reprehenderit. Est exercitationem blanditiis cumque neque. Harum tempora veritatis fuga sunt sunt. Et omnis aliquid enim autem vel quidem et dolore.', 4, '2019-01-30 01:32:40', '2019-01-30 01:32:40'),
(396, 93, 'Kennedi Reilly', 'Beatae vero asperiores adipisci pariatur. Ducimus molestiae vitae et ipsam aliquid quia reprehenderit. Eius saepe quos dolor mollitia sed. Laboriosam sit illum sed et quia corporis necessitatibus ea. Deserunt odit suscipit et necessitatibus omnis maiores.', 4, '2019-01-30 01:32:40', '2019-01-30 01:32:40'),
(397, 44, 'Dolly Trantow', 'Doloremque dignissimos sit non qui eius ea sunt. Voluptas iure mollitia suscipit nostrum est quis illum. Sit natus harum consequatur deserunt et quia qui molestiae.', 1, '2019-01-30 01:32:40', '2019-01-30 01:32:40'),
(398, 91, 'Miss Shanna Carroll II', 'Maiores dolore nostrum architecto dolor. Eligendi qui pariatur omnis velit voluptatem consequatur nisi. Rerum rem est ullam explicabo quod. Deleniti similique repellendus numquam dolor. Dolores similique quaerat quia non.', 0, '2019-01-30 01:32:40', '2019-01-30 01:32:40'),
(399, 98, 'Kiarra Zieme', 'Odit itaque corporis libero magni. Vel corrupti maxime aliquam quod quod maiores. Aspernatur consequatur quisquam accusantium consequatur et.', 0, '2019-01-30 01:32:40', '2019-01-30 01:32:40'),
(400, 67, 'Mrs. Elsie Koss', 'Quibusdam sed id neque ipsam et. Eius sint non asperiores dolores et porro. Voluptas dolorem similique voluptatum. Asperiores tenetur officiis accusantium fugit sint esse.', 5, '2019-01-30 01:32:40', '2019-01-30 01:32:40');

-- --------------------------------------------------------

--
-- Structure de la table `users`
--

DROP TABLE IF EXISTS `users`;
CREATE TABLE IF NOT EXISTS `users` (
  `id` int(10) UNSIGNED NOT NULL AUTO_INCREMENT,
  `name` varchar(191) COLLATE utf8mb4_unicode_ci NOT NULL,
  `email` varchar(191) COLLATE utf8mb4_unicode_ci NOT NULL,
  `email_verified_at` timestamp NULL DEFAULT NULL,
  `password` varchar(191) COLLATE utf8mb4_unicode_ci NOT NULL,
  `remember_token` varchar(100) COLLATE utf8mb4_unicode_ci DEFAULT NULL,
  `created_at` timestamp NULL DEFAULT NULL,
  `updated_at` timestamp NULL DEFAULT NULL,
  PRIMARY KEY (`id`),
  UNIQUE KEY `users_email_unique` (`email`)
) ENGINE=MyISAM DEFAULT CHARSET=utf8mb4 COLLATE=utf8mb4_unicode_ci;
COMMIT;

/*!40101 SET CHARACTER_SET_CLIENT=@OLD_CHARACTER_SET_CLIENT */;
/*!40101 SET CHARACTER_SET_RESULTS=@OLD_CHARACTER_SET_RESULTS */;
/*!40101 SET COLLATION_CONNECTION=@OLD_COLLATION_CONNECTION */;
